107715	204.0	X	Quickstep
111212	124.0	X	Chacha
106708	87.0	X	Waltz
110319	200.0	X	Quickstep
117107	124.0	X	Chacha
117313	116.0	X	Foxtrot
111415	128.0	X	Tango
113407	104.0	X	Chacha
113117	128.0	X	Tango
108736	100.0	X	Salsa
114828	100.0	X	Rumba
111423	174.0	X	Viennesewaltz
114305	102.0	X	Samba
115008	124.0	X	Tango
107940	177.0	X	Viennesewaltz
108014	116.0	X	Foxtrot
113113	128.0	X	Tango
115424	108.0	X	Tango
111926	92.0	X	Rumba
108611	100.0	X	Samba
113001	84.0	X	Waltz
116317	100.0	X	Rumba
107609	102.0	X	Samba
117808	102.0	X	Samba
107348	200.0	X	Quickstep
117538	174.0	X	Viennesewaltz
113533	196.0	X	Quickstep
113212	80.0	X	Rumba
108224	87.0	X	Waltz
114012	174.0	X	Viennesewaltz
114123	200.0	X	Quickstep
107725	116.0	X	Foxtrot
107624	88.0	X	Rumba
116514	136.0	X	Tango
107836	132.0	X	Tango
112801	116.0	X	Foxtrot
115411	115.0	X	Tango
117813	124.0	X	Chacha
112839	124.0	X	Tango
114313	124.0	X	Chacha
107605	100.0	X	Samba
107702	87.0	X	Waltz
117718	128.0	X	Tango
110405	116.0	X	Foxtrot
115430	116.0	X	Tango
108312	200.0	X	Quickstep
114825	100.0	X	Rumba
115426	128.0	X	Tango
109304	200.0	X	Quickstep
111214	124.0	X	Chacha
112919	100.0	X	Samba
117526	112.0	X	Foxtrot
106723	112.0	X	Foxtrot
106813	100.0	X	Rumba
118418	124.0	X	Chacha
112711	171.0	X	Viennesewaltz
111914	124.0	X	Chacha
112516	100.0	X	Samba
113136	200.0	X	Quickstep
113413	92.0	X	Rumba
114806	102.0	X	Samba
115831	116.0	X	Foxtrot
118616	196.0	X	Salsa
108627	96.0	X	Rumba
109826	104.0	X	Rumba
114811	124.0	X	Chacha
117602	102.0	X	Samba
113716	200.0	X	Quickstep
112320	172.0	X	Jive
111006	87.0	X	Waltz
108816	124.0	X	Chacha
106311	100.0	X	Rumba
115604	124.0	X	Chacha
111202	102.0	X	Samba
113615	124.0	X	Chacha
110424	87.0	X	Waltz
117904	87.0	X	Slowwaltz
108618	102.0	X	Samba
118702	116.0	X	Foxtrot
117613	124.0	X	Chacha
116126	100.0	X	Rumba
117332	124.0	X	Tango
116917	120.0	X	Wcswing
108221	87.0	X	Waltz
116913	116.0	X	Wcswing
112717	116.0	X	Foxtrot
118035	168.0	X	Jive
109417	116.0	X	Foxtrot
117014	172.0	X	Jive
117432	176.0	X	Jive
115816	128.0	X	Tango
116423	200.0	X	Quickstep
111434	204.0	X	Quickstep
112436	156.0	X	Jive
107315	128.0	X	Tango
107515	172.0	X	Jive
116303	100.0	X	Samba
113706	116.0	X	Foxtrot
111818	200.0	X	Quickstep
118411	124.0	X	Chacha
113032	200.0	X	Quickstep
115324	116.0	X	Foxtrot
118014	100.0	X	Samba
118714	204.0	X	Quickstep
115128	87.0	X	Waltz
110435	124.0	X	Tango
116502	117.0	X	Tango
112222	116.0	X	Jive
116702	100.0	X	Samba
104713	116.0	X	Foxtrot
110904	100.0	X	Samba
113134	204.0	X	Quickstep
118615	192.0	X	Salsa
107507	100.0	X	Rumba
118019	100.0	X	Samba
109013	128.0	X	Tango
113910	102.0	X	Samba
112904	124.0	X	Chacha
112517	100.0	X	Samba
118507	124.0	X	Chacha
108101	116.0	X	Foxtrot
108834	160.0	X	Jive
117939	200.0	X	Quickstep
116801	100.0	X	Samba
106314	100.0	X	Rumba
109806	102.0	X	Samba
111013	128.0	X	Tango
113307	128.0	X	Tango
112513	100.0	X	Samba
116903	96.0	X	Wcswing
113637	168.0	X	Jive
113839	172.0	X	Jive
114319	168.0	X	Jive
113009	87.0	X	Waltz
116217	174.0	X	Viennesewaltz
111217	124.0	X	Chacha
108911	87.0	X	Waltz
114707	87.0	X	Waltz
108132	177.0	X	Viennesewaltz
110310	200.0	X	Quickstep
118121	200.0	X	Quickstep
118312	128.0	X	Tango
108616	102.0	X	Samba
118325	116.0	X	Foxtrot
114016	116.0	X	Foxtrot
111938	174.0	X	Jive
113807	124.0	X	Chacha
118833	168.0	X	Jive
108733	160.0	X	Jive
106802	102.0	X	Samba
108525	104.0	X	Rumba
115408	114.0	X	Tango
117728	116.0	X	Foxtrot
115818	174.0	X	Viennesewaltz
107516	130.0	X	Jive
112937	124.0	X	Chacha
113731	87.0	X	Waltz
118103	87.0	X	Slowwaltz
110608	87.0	X	Waltz
117401	100.0	X	Samba
115109	116.0	X	Foxtrot
111009	87.0	X	Waltz
108139	128.0	X	Tango
115022	128.0	X	Tango
116904	100.0	X	Wcswing
111501	92.0	X	Samba
115003	120.0	X	Tango
111816	200.0	X	Quickstep
112317	100.0	X	Rumba
114312	124.0	X	Chacha
117835	172.0	X	Jive
110120	84.0	X	Waltz
118430	116.0	X	Pasodoble
118005	124.0	X	Chacha
114401	87.0	X	Waltz
108107	116.0	X	Foxtrot
118405	100.0	X	Samba
112719	200.0	X	Quickstep
109003	128.0	X	Tango
111417	128.0	X	Tango
108804	100.0	X	Samba
116319	172.0	X	Jive
115827	116.0	X	Foxtrot
107722	116.0	X	Foxtrot
115718	200.0	X	Quickstep
117830	100.0	X	Rumba
116901	92.0	X	Wcswing
107203	102.0	X	Samba
111233	100.0	X	Rumba
110732	144.0	X	Jive
118512	96.0	X	Rumba
100816	168.0	X	Jive
116909	116.0	X	Wcswing
114827	100.0	X	Rumba
112310	124.0	X	Chacha
115218	104.0	X	Samba
118319	174.0	X	Viennesewaltz
113924	100.0	X	Rumba
100804	100.0	X	Samba
114839	172.0	X	Jive
115219	100.0	X	Samba
112012	174.0	X	Viennesewaltz
112219	90.0	X	Samba
114020	200.0	X	Quickstep
115118	200.0	X	Quickstep
108133	177.0	X	Viennesewaltz
113030	116.0	X	Foxtrot
114904	84.0	X	Waltz
118110	128.0	X	Tango
117604	102.0	X	Samba
114915	112.0	X	Foxtrot
108108	116.0	X	Foxtrot
114822	88.0	X	Rumba
109832	100.0	X	Rumba
107818	200.0	X	Quickstep
114006	87.0	X	Waltz
116113	120.0	X	Chacha
108411	100.0	X	Rumba
114433	200.0	X	Quickstep
117306	200.0	X	Quickstep
117537	174.0	X	Viennesewaltz
111234	118.0	X	Pasodoble
110113	84.0	X	Waltz
113725	87.0	X	Waltz
107217	96.0	X	Chacha
117615	88.0	X	Rumba
115728	87.0	X	Waltz
113111	84.0	X	Waltz
113811	100.0	X	Samba
110724	100.0	X	Rumba
107803	87.0	X	Waltz
112720	204.0	X	Quickstep
118407	100.0	X	Samba
115309	84.0	X	Waltz
108522	100.0	X	Rumba
113020	174.0	X	Viennesewaltz
109318	204.0	X	Quickstep
118420	124.0	X	Chacha
106512	116.0	X	Foxtrot
115438	119.0	X	Tango
115716	200.0	X	Quickstep
117008	144.0	X	Jive
117420	124.0	X	Chacha
111103	87.0	X	Waltz
107618	124.0	X	Chacha
113216	100.0	X	Rumba
105908	112.0	X	Foxtrot
111708	124.0	X	Chacha
117710	84.0	X	Slowwaltz
114427	116.0	X	Foxtrot
108321	84.0	X	Waltz
112635	200.0	X	Quickstep
114837	172.0	X	Jive
117304	204.0	X	Quickstep
104812	116.0	X	Foxtrot
116421	200.0	X	Quickstep
110116	87.0	X	Waltz
111416	128.0	X	Tango
112522	100.0	X	Rumba
114710	84.0	X	Waltz
106815	100.0	X	Rumba
110317	200.0	X	Quickstep
110605	84.0	X	Waltz
107832	180.0	X	Viennesewaltz
112833	177.0	X	Viennesewaltz
114412	128.0	X	Tango
116614	132.0	X	Salsa
115921	124.0	X	Chacha
117108	124.0	X	Chacha
117938	200.0	X	Quickstep
116508	118.0	X	Tango
110714	124.0	X	Chacha
117514	128.0	X	Tango
116817	128.0	X	Tango
111829	87.0	X	Waltz
115939	172.0	X	Jive
108703	124.0	X	Chacha
113409	120.0	X	Chacha
110431	124.0	X	Tango
113822	100.0	X	Rumba
107733	180.0	X	Viennesewaltz
115407	124.0	X	Tango
110020	172.0	X	Jive
112629	116.0	X	Foxtrot
112503	120.0	X	Chacha
117818	124.0	X	Chacha
113133	200.0	X	Quickstep
116307	124.0	X	Chacha
112824	87.0	X	Waltz
113122	112.0	X	Foxtrot
111840	128.0	X	Tango
110514	112.0	X	Foxtrot
114717	128.0	X	Tango
110232	116.0	X	Foxtrot
111335	124.0	X	Tango
109205	112.0	X	Foxtrot
113114	128.0	X	Tango
107719	116.0	X	Foxtrot
115209	124.0	X	Chacha
118804	100.0	X	Samba
109830	100.0	X	Rumba
117815	124.0	X	Chacha
108319	200.0	X	Quickstep
115721	87.0	X	Waltz
113805	124.0	X	Chacha
105014	116.0	X	Foxtrot
110314	200.0	X	Quickstep
110730	118.0	X	Pasodoble
113322	200.0	X	Quickstep
116506	120.0	X	Tango
115840	200.0	X	Quickstep
109216	112.0	X	Foxtrot
107306	87.0	X	Waltz
117438	176.0	X	Jive
107604	100.0	X	Samba
107105	87.0	X	Waltz
111833	180.0	X	Viennesewaltz
113511	87.0	X	Waltz
116907	112.0	X	Wcswing
110804	124.0	X	Chacha
113321	200.0	X	Quickstep
115227	104.0	X	Rumba
117202	102.0	X	Samba
116214	128.0	X	Tango
112834	124.0	X	Tango
115605	124.0	X	Chacha
111316	200.0	X	Quickstep
115113	196.0	X	Quickstep
118339	200.0	X	Quickstep
118433	172.0	X	Jive
117914	128.0	X	Tango
113318	116.0	X	Foxtrot
113908	100.0	X	Samba
113417	118.0	X	Pasodoble
110316	200.0	X	Quickstep
113132	196.0	X	Quickstep
118027	100.0	X	Rumba
110432	124.0	X	Tango
107221	128.0	X	Chacha
107816	200.0	X	Quickstep
110738	172.0	X	Jive
108830	118.0	X	Pasodoble
113915	124.0	X	Chacha
106710	87.0	X	Waltz
111428	116.0	X	Foxtrot
111523	88.0	X	Rumba
111315	200.0	X	Quickstep
115704	116.0	X	Foxtrot
112431	100.0	X	Rumba
107938	132.0	X	Tango
118316	128.0	X	Tango
110620	177.0	X	Viennesewaltz
115329	200.0	X	Quickstep
108033	85.0	X	Waltz
111231	100.0	X	Rumba
108614	100.0	X	Samba
110328	200.0	X	Quickstep
112923	96.0	X	Rumba
114004	87.0	X	Waltz
116823	200.0	X	Quickstep
109016	128.0	X	Tango
112604	84.0	X	Waltz
111934	144.0	X	Jive
112831	87.0	X	Waltz
110404	116.0	X	Foxtrot
115013	124.0	X	Tango
111518	124.0	X	Chacha
117504	87.0	X	Slowwaltz
118321	177.0	X	Viennesewaltz
113638	172.0	X	Jive
112008	128.0	X	Tango
109421	204.0	X	Quickstep
108013	116.0	X	Foxtrot
106216	112.0	X	Foxtrot
114110	128.0	X	Tango
106506	128.0	X	Tango
108514	124.0	X	Chacha
110217	116.0	X	Foxtrot
107922	83.0	X	Waltz
108128	87.0	X	Waltz
107720	116.0	X	Foxtrot
118821	124.0	X	Chacha
110521	87.0	X	Waltz
111512	104.0	X	Chacha
100612	116.0	X	Foxtrot
113521	174.0	X	Viennesewaltz
109816	124.0	X	Chacha
113305	84.0	X	Waltz
117920	174.0	X	Viennesewaltz
117623	172.0	X	Jive
110306	200.0	X	Quickstep
118717	200.0	X	Quickstep
108208	200.0	X	Quickstep
108833	152.0	X	Jive
117931	112.0	X	Foxtrot
109303	200.0	X	Quickstep
115225	100.0	X	Rumba
110911	124.0	X	Chacha
109603	87.0	X	Waltz
111608	124.0	X	Chacha
113618	124.0	X	Chacha
112424	88.0	X	Rumba
106604	84.0	X	Waltz
113306	128.0	X	Tango
117336	124.0	X	Tango
114510	124.0	X	Chacha
111611	124.0	X	Chacha
106208	128.0	X	Tango
117011	160.0	X	Jive
116202	87.0	X	Waltz
113738	124.0	X	Tango
115415	111.0	X	Tango
116011	174.0	X	Viennesewaltz
116137	172.0	X	Jive
108815	124.0	X	Chacha
114715	128.0	X	Tango
109813	124.0	X	Chacha
112708	128.0	X	Tango
117917	128.0	X	Tango
117311	116.0	X	Foxtrot
113123	108.0	X	Foxtrot
108037	128.0	X	Tango
115402	116.0	X	Tango
107307	87.0	X	Waltz
117502	84.0	X	Slowwaltz
109001	128.0	X	Tango
111612	124.0	X	Chacha
111232	100.0	X	Rumba
100815	168.0	X	Jive
108810	100.0	X	Samba
106308	124.0	X	Chacha
115925	96.0	X	Rumba
117837	172.0	X	Jive
114108	128.0	X	Tango
108238	180.0	X	Viennesewaltz
108116	200.0	X	Quickstep
110632	204.0	X	Quickstep
114810	102.0	X	Samba
110817	96.0	X	Rumba
117320	116.0	X	Foxtrot
107312	87.0	X	Waltz
115230	104.0	X	Rumba
118617	196.0	X	Salsa
108303	116.0	X	Foxtrot
115020	128.0	X	Tango
111227	92.0	X	Rumba
112210	124.0	X	Chacha
118206	96.0	X	Rumba
112109	124.0	X	Chacha
116104	100.0	X	Samba
110715	124.0	X	Chacha
110628	112.0	X	Foxtrot
109916	200.0	X	Quickstep
113005	87.0	X	Waltz
117115	100.0	X	Rumba
110506	84.0	X	Waltz
112212	124.0	X	Chacha
108711	102.0	X	Samba
107721	127.0	X	Foxtrot
107308	87.0	X	Waltz
113941	172.0	X	Jive
112901	124.0	X	Chacha
113104	87.0	X	Waltz
118415	124.0	X	Chacha
110219	116.0	X	Foxtrot
115709	116.0	X	Foxtrot
112814	196.0	X	Quickstep
114001	84.0	X	Waltz
106614	116.0	X	Foxtrot
111221	124.0	X	Chacha
111109	174.0	X	Viennesewaltz
107821	116.0	X	Foxtrot
107601	96.0	X	Samba
106739	177.0	X	Viennesewaltz
113138	200.0	X	Quickstep
116139	172.0	X	Jive
108706	124.0	X	Chacha
114836	172.0	X	Jive
111115	116.0	X	Foxtrot
114816	124.0	X	Chacha
109824	104.0	X	Rumba
117404	102.0	X	Samba
112403	98.0	X	Samba
111905	100.0	X	Samba
114821	80.0	X	Rumba
113414	96.0	X	Rumba
115111	200.0	X	Quickstep
118515	100.0	X	Rumba
117736	200.0	X	Quickstep
108315	200.0	X	Quickstep
117902	84.0	X	Slowwaltz
110515	116.0	X	Foxtrot
110128	87.0	X	Waltz
108510	98.0	X	Samba
110002	102.0	X	Samba
108106	116.0	X	Foxtrot
113801	124.0	X	Chacha
109713	172.0	X	Jive
117716	128.0	X	Tango
107936	128.0	X	Tango
108728	100.0	X	Rumba
108615	102.0	X	Samba
117616	96.0	X	Rumba
108017	116.0	X	Foxtrot
116609	168.0	X	Salsa
111917	120.0	X	Chacha
116314	92.0	X	Rumba
111603	100.0	X	Samba
118521	172.0	X	Jive
113312	177.0	X	Viennesewaltz
117339	177.0	X	Viennesewaltz
111104	87.0	X	Waltz
113802	124.0	X	Chacha
111401	84.0	X	Waltz
107201	102.0	X	Samba
107627	92.0	X	Rumba
109712	96.0	X	Rumba
110107	84.0	X	Waltz
111814	200.0	X	Quickstep
108722	100.0	X	Rumba
108702	124.0	X	Chacha
112835	124.0	X	Tango
115706	116.0	X	Foxtrot
111711	100.0	X	Rumba
107629	96.0	X	Rumba
106810	124.0	X	Chacha
108729	100.0	X	Rumba
116321	172.0	X	Jive
106607	124.0	X	Tango
110102	84.0	X	Waltz
111821	90.0	X	Waltz
113106	84.0	X	Waltz
113911	120.0	X	Chacha
112112	100.0	X	Rumba
117511	84.0	X	Slowwaltz
107925	87.0	X	Waltz
107113	116.0	X	Foxtrot
107326	108.0	X	Foxtrot
110726	100.0	X	Rumba
112414	120.0	X	Chacha
115005	120.0	X	Tango
113825	96.0	X	Rumba
112432	100.0	X	Rumba
117433	172.0	X	Jive
114317	96.0	X	Rumba
110425	87.0	X	Waltz
113315	116.0	X	Foxtrot
110705	102.0	X	Samba
107327	116.0	X	Foxtrot
112406	102.0	X	Samba
107219	84.0	X	Rumba
116204	87.0	X	Waltz
107941	177.0	X	Viennesewaltz
107706	87.0	X	Waltz
118324	116.0	X	Foxtrot
116231	116.0	X	Foxtrot
108126	87.0	X	Waltz
118808	100.0	X	Samba
111105	84.0	X	Waltz
118832	168.0	X	Jive
118834	160.0	X	Jive
109609	177.0	X	Viennesewaltz
110105	80.0	X	Waltz
107309	87.0	X	Waltz
115437	124.0	X	Tango
116306	100.0	X	Samba
106514	200.0	X	Quickstep
115717	200.0	X	Quickstep
115213	100.0	X	Samba
106602	87.0	X	Waltz
108109	116.0	X	Foxtrot
113718	200.0	X	Quickstep
107631	100.0	X	Rumba
114905	84.0	X	Waltz
116715	172.0	X	Jive
118309	87.0	X	Slowwaltz
118711	200.0	X	Quickstep
113213	92.0	X	Rumba
108604	124.0	X	Chacha
117911	87.0	X	Slowwaltz
106317	172.0	X	Jive
107630	100.0	X	Rumba
114805	98.0	X	Samba
112418	124.0	X	Chacha
110227	116.0	X	Foxtrot
107345	204.0	X	Quickstep
112907	124.0	X	Chacha
110318	200.0	X	Quickstep
112523	96.0	X	Rumba
115808	87.0	X	Waltz
107606	100.0	X	Samba
108018	116.0	X	Foxtrot
117712	128.0	X	Tango
115435	127.0	X	Tango
117312	116.0	X	Foxtrot
117525	112.0	X	Foxtrot
118612	192.0	X	Salsa
116238	200.0	X	Quickstep
115619	100.0	X	Samba
116215	128.0	X	Tango
115119	200.0	X	Quickstep
113901	100.0	X	Samba
118101	87.0	X	Slowwaltz
108039	177.0	X	Viennesewaltz
115733	177.0	X	Viennesewaltz
117625	172.0	X	Jive
113504	84.0	X	Waltz
108213	116.0	X	Foxtrot
108134	180.0	X	Viennesewaltz
110623	112.0	X	Foxtrot
107323	128.0	X	Tango
109119	177.0	X	Viennesewaltz
112205	102.0	X	Samba
117607	102.0	X	Samba
111819	200.0	X	Quickstep
106302	102.0	X	Samba
114407	87.0	X	Waltz
108532	160.0	X	Jive
107013	116.0	X	Pasodoble
107914	116.0	X	Foxtrot
112113	100.0	X	Rumba
108436	172.0	X	Jive
111903	100.0	X	Samba
116505	119.0	X	Tango
112934	156.0	X	Jive
109818	124.0	X	Chacha
107005	120.0	X	Chacha
117923	112.0	X	Foxtrot
109810	100.0	X	Samba
115302	84.0	X	Waltz
118729	87.0	X	Waltz
115440	124.0	X	Tango
106615	200.0	X	Quickstep
108218	116.0	X	Foxtrot
107905	200.0	X	Quickstep
117812	124.0	X	Chacha
108523	104.0	X	Rumba
117022	172.0	X	Jive
113115	124.0	X	Tango
115614	100.0	X	Samba
115909	100.0	X	Samba
112722	204.0	X	Quickstep
112920	98.0	X	Samba
110702	100.0	X	Samba
113735	124.0	X	Tango
107632	118.0	X	Pasodoble
110433	124.0	X	Tango
108907	87.0	X	Waltz
112906	124.0	X	Chacha
108415	100.0	X	Rumba
115734	124.0	X	Tango
110816	96.0	X	Rumba
111901	100.0	X	Samba
108710	124.0	X	Chacha
107709	87.0	X	Waltz
117121	174.0	X	Jive
111939	172.0	X	Jive
112619	128.0	X	Tango
115011	124.0	X	Tango
109206	116.0	X	Foxtrot
108516	124.0	X	Chacha
115824	116.0	X	Foxtrot
107501	128.0	X	Chacha
110307	200.0	X	Quickstep
115416	128.0	X	Tango
116807	100.0	X	Rumba
117013	168.0	X	Jive
118829	100.0	X	Rumba
113309	128.0	X	Tango
116810	172.0	X	Jive
112301	98.0	X	Samba
114320	172.0	X	Jive
106821	100.0	X	Samba
112319	172.0	X	Jive
116302	100.0	X	Samba
117004	128.0	X	Jive
111823	87.0	X	Waltz
112007	128.0	X	Tango
111526	96.0	X	Rumba
113840	176.0	X	Jive
113833	118.0	X	Pasodoble
106309	124.0	X	Chacha
118730	87.0	X	Waltz
108914	87.0	X	Waltz
108024	87.0	X	Waltz
111911	124.0	X	Chacha
116209	87.0	X	Waltz
110708	102.0	X	Samba
113907	100.0	X	Samba
114440	177.0	X	Quickstep
111922	100.0	X	Rumba
109616	204.0	X	Quickstep
109909	177.0	X	Viennesewaltz
110910	124.0	X	Chacha
108621	96.0	X	Rumba
114124	200.0	X	Quickstep
106612	112.0	X	Foxtrot
110124	87.0	X	Waltz
104910	112.0	X	Foxtrot
118333	112.0	X	Foxtrot
109801	100.0	X	Samba
112408	102.0	X	Samba
115610	120.0	X	Chacha
111604	102.0	X	Samba
114502	100.0	X	Samba
115935	172.0	X	Jive
110202	112.0	X	Foxtrot
107318	128.0	X	Tango
112441	172.0	X	Jive
113310	174.0	X	Viennesewaltz
110711	124.0	X	Chacha
110401	116.0	X	Foxtrot
118323	116.0	X	Foxtrot
114733	200.0	X	Quickstep
111308	116.0	X	Foxtrot
108738	98.0	X	Salsa
109717	100.0	X	Chacha
108626	100.0	X	Rumba
112316	100.0	X	Rumba
114435	200.0	X	Quickstep
116410	128.0	X	Tango
108330	87.0	X	Waltz
108407	100.0	X	Samba
111436	204.0	X	Quickstep
117529	200.0	X	Quickstep
107344	204.0	X	Quickstep
115738	124.0	X	Tango
106726	116.0	X	Foxtrot
117825	96.0	X	Rumba
108434	104.0	X	Rumba
108227	87.0	X	Waltz
118003	124.0	X	Chacha
108001	200.0	X	Quickstep
115014	124.0	X	Tango
107811	192.0	X	Quickstep
115337	174.0	X	Viennesewaltz
112935	118.0	X	Pasodoble
108038	128.0	X	Tango
107825	116.0	X	Foxtrot
110707	102.0	X	Samba
112402	96.0	X	Samba
117711	128.0	X	Tango
116111	120.0	X	Chacha
110729	100.0	X	Pasodoble
112819	200.0	X	Quickstep
114421	92.0	X	Foxtrot
110635	200.0	X	Quickstep
113513	120.0	X	Tango
117213	102.0	X	Samba
107509	84.0	X	Rumba
116908	112.0	X	Wcswing
118505	102.0	X	Samba
116412	177.0	X	Viennesewaltz
108036	128.0	X	Tango
111314	200.0	X	Quickstep
110739	172.0	X	Jive
115835	200.0	X	Quickstep
113642	172.0	X	Jive
114727	116.0	X	Foxtrot
116138	172.0	X	Jive
113838	168.0	X	Jive
117123	174.0	X	Jive
107313	128.0	X	Tango
108716	100.0	X	Samba
115601	124.0	X	Chacha
111224	92.0	X	Rumba
115904	100.0	X	Samba
107502	128.0	X	Chacha
114318	100.0	X	Rumba
112110	124.0	X	Chacha
116119	124.0	X	Chacha
118219	100.0	X	Rumba
114439	177.0	X	Quickstep
111618	100.0	X	Jive
113921	124.0	X	Chacha
117210	106.0	X	Rumba
109409	128.0	X	Tango
116816	128.0	X	Tango
115305	84.0	X	Waltz
113506	87.0	X	Waltz
107902	200.0	X	Quickstep
110429	87.0	X	Waltz
112434	128.0	X	Jive
115626	100.0	X	Rumba
112540	118.0	X	Pasodoble
117327	90.0	X	Slowwaltz
117309	200.0	X	Quickstep
116308	124.0	X	Chacha
115937	172.0	X	Jive
116824	200.0	X	Quickstep
117322	87.0	X	Slowwaltz
116606	176.0	X	Salsa
113024	116.0	X	Foxtrot
117012	164.0	X	Jive
115132	177.0	X	Viennesewaltz
113936	118.0	X	Pasodoble
112305	102.0	X	Samba
106820	172.0	X	Jive
107710	87.0	X	Waltz
111809	116.0	X	Foxtrot
116323	172.0	X	Jive
108304	116.0	X	Foxtrot
117114	100.0	X	Rumba
112013	177.0	X	Viennesewaltz
109406	87.0	X	Waltz
109218	116.0	X	Foxtrot
108205	204.0	X	Quickstep
111536	175.0	X	Jive
114911	171.0	X	Viennesewaltz
106215	112.0	X	Foxtrot
109911	177.0	X	Viennesewaltz
118013	98.0	X	Samba
113837	168.0	X	Jive
117338	124.0	X	Tango
113703	116.0	X	Foxtrot
115732	177.0	X	Viennesewaltz
110004	100.0	X	Samba
112805	116.0	X	Foxtrot
114431	200.0	X	Quickstep
114406	87.0	X	Waltz
118322	174.0	X	Viennesewaltz
111337	124.0	X	Tango
110814	88.0	X	Rumba
117734	200.0	X	Quickstep
111504	100.0	X	Samba
108424	124.0	X	Chacha
106619	174.0	X	Viennesewaltz
114712	84.0	X	Waltz
109820	124.0	X	Chacha
107835	132.0	X	Tango
118502	102.0	X	Samba
118318	177.0	X	Viennesewaltz
108301	116.0	X	Foxtrot
113639	172.0	X	Jive
108313	200.0	X	Quickstep
118012	96.0	X	Samba
113943	172.0	X	Jive
111324	87.0	X	Waltz
113421	168.0	X	Jive
111509	102.0	X	Samba
114426	112.0	X	Foxtrot
117423	104.0	X	Rumba
115623	87.0	X	Rumba
117203	102.0	X	Samba
117721	177.0	X	Viennesewaltz
116110	100.0	X	Samba
117724	108.0	X	Foxtrot
114808	102.0	X	Samba
117819	124.0	X	Chacha
113710	116.0	X	Foxtrot
113528	116.0	X	Foxtrot
100807	124.0	X	Chacha
107015	172.0	X	Jive
118827	100.0	X	Rumba
108003	204.0	X	Quickstep
115216	100.0	X	Samba
115217	100.0	X	Samba
110330	200.0	X	Quickstep
117521	112.0	X	Foxtrot
109901	84.0	X	Waltz
114418	128.0	X	Tango
116811	172.0	X	Jive
117005	132.0	X	Jive
115312	87.0	X	Waltz
118220	100.0	X	Rumba
112114	100.0	X	Rumba
113619	124.0	X	Chacha
106304	102.0	X	Samba
118002	124.0	X	Chacha
113031	112.0	X	Foxtrot
112525	100.0	X	Rumba
110211	112.0	X	Foxtrot
116004	87.0	X	Waltz
113039	200.0	X	Quickstep
118216	100.0	X	Rumba
117201	102.0	X	Samba
112213	124.0	X	Chacha
110430	87.0	X	Waltz
112916	100.0	X	Samba
115923	92.0	X	Rumba
111430	116.0	X	Foxtrot
110223	116.0	X	Foxtrot
118341	200.0	X	Quickstep
116819	171.0	X	Viennesewaltz
115308	84.0	X	Waltz
116205	87.0	X	Waltz
112527	100.0	X	Rumba
111940	120.0	X	Pasodoble
114117	116.0	X	Foxtrot
115301	87.0	X	Waltz
115932	118.0	X	Pasodoble
109319	200.0	X	Quickstep
115206	124.0	X	Chacha
112307	124.0	X	Chacha
107934	128.0	X	Tango
118520	168.0	X	Jive
116709	124.0	X	Chacha
118838	176.0	X	Jive
113319	200.0	X	Quickstep
110207	116.0	X	Foxtrot
118719	200.0	X	Quickstep
109807	102.0	X	Samba
114415	128.0	X	Tango
115638	176.0	X	Jive
106513	200.0	X	Quickstep
112105	102.0	X	Samba
113606	102.0	X	Samba
109620	177.0	X	Viennesewaltz
107808	87.0	X	Waltz
106205	87.0	X	Waltz
114101	87.0	X	Waltz
115608	124.0	X	Chacha
113010	87.0	X	Waltz
114515	100.0	X	Rumba
117940	200.0	X	Quickstep
113726	87.0	X	Waltz
108507	102.0	X	Samba
107917	116.0	X	Foxtrot
117416	124.0	X	Chacha
107335	168.0	X	Viennesewaltz
110902	100.0	X	Samba
115820	177.0	X	Viennesewaltz
118208	96.0	X	Rumba
112521	100.0	X	Samba
104213	116.0	X	Foxtrot
114416	128.0	X	Tango
118026	100.0	X	Rumba
117439	120.0	X	Pasodoble
115636	172.0	X	Jive
117303	200.0	X	Quickstep
114607	100.0	X	Samba
108537	124.0	X	Chacha
116519	140.0	X	Tango
118215	100.0	X	Rumba
110617	174.0	X	Viennesewaltz
111617	100.0	X	Rumba
109704	102.0	X	Samba
106203	87.0	X	Waltz
109602	84.0	X	Waltz
111933	200.0	X	Salsa
113624	88.0	X	Rumba
111701	100.0	X	Samba
114740	174.0	X	Viennesewaltz
108530	92.0	X	Rumba
117609	124.0	X	Chacha
118613	192.0	X	Salsa
107637	172.0	X	Jive
107619	124.0	X	Chacha
117430	100.0	X	Rumba
111923	96.0	X	Rumba
108235	128.0	X	Tango
118429	100.0	X	Rumba
111803	116.0	X	Foxtrot
111807	116.0	X	Foxtrot
108333	128.0	X	Tango
106733	208.0	X	Quickstep
107801	84.0	X	Waltz
114826	100.0	X	Rumba
107104	87.0	X	Waltz
106306	124.0	X	Chacha
110228	116.0	X	Foxtrot
112911	100.0	X	Samba
109005	116.0	X	Tango
108334	128.0	X	Tango
110203	112.0	X	Foxtrot
110127	87.0	X	Waltz
112312	124.0	X	Chacha
117105	100.0	X	Samba
111010	87.0	X	Waltz
112715	116.0	X	Foxtrot
116012	177.0	X	Viennesewaltz
107932	87.0	X	Waltz
115107	116.0	X	Foxtrot
110821	100.0	X	Rumba
109619	128.0	X	Tango
108801	100.0	X	Samba
115205	124.0	X	Chacha
111402	84.0	X	Waltz
108527	104.0	X	Rumba
111913	120.0	X	Chacha
113215	96.0	X	Rumba
108515	117.0	X	Chacha
114419	128.0	X	Tango
115129	87.0	X	Waltz
107916	116.0	X	Foxtrot
118831	104.0	X	Rumba
113609	102.0	X	Samba
111304	116.0	X	Foxtrot
108813	124.0	X	Chacha
109420	204.0	X	Quickstep
114512	124.0	X	Chacha
107337	177.0	X	Viennesewaltz
107913	116.0	X	Foxtrot
115837	200.0	X	Quickstep
115016	128.0	X	Tango
118801	100.0	X	Samba
112020	200.0	X	Quickstep
112928	96.0	X	Rumba
112519	100.0	X	Samba
112612	87.0	X	Waltz
115805	84.0	X	Waltz
108404	104.0	X	Samba
106014	116.0	X	Pasodoble
111535	175.0	X	Jive
117916	128.0	X	Tango
111815	200.0	X	Quickstep
117912	128.0	X	Tango
106741	177.0	X	Viennesewaltz
115103	116.0	X	Foxtrot
116402	84.0	X	Slowwaltz
113202	102.0	X	Samba
109110	177.0	X	Viennesewaltz
107108	128.0	X	Tango
108705	124.0	X	Chacha
108131	87.0	X	Waltz
112608	87.0	X	Waltz
112918	100.0	X	Samba
114520	172.0	X	Jive
113303	87.0	X	Waltz
109814	120.0	X	Chacha
115635	172.0	X	Jive
113520	174.0	X	Viennesewaltz
106809	124.0	X	Chacha
106315	100.0	X	Rumba
110613	128.0	X	Tango
114405	87.0	X	Waltz
108512	124.0	X	Chacha
116131	100.0	X	Rumba
113728	84.0	X	Waltz
118819	124.0	X	Chacha
110815	92.0	X	Rumba
118301	84.0	X	Slowwaltz
112118	168.0	X	Jive
106811	124.0	X	Chacha
114703	87.0	X	Waltz
110406	116.0	X	Foxtrot
114906	87.0	X	Waltz
111119	200.0	X	Quickstep
116318	100.0	X	Rumba
115611	100.0	X	Samba
109105	177.0	X	Viennesewaltz
110414	200.0	X	Quickstep
112806	116.0	X	Foxtrot
104310	112.0	X	Foxtrot
118713	200.0	X	Quickstep
117219	100.0	X	Samba
110331	200.0	X	Quickstep
114103	87.0	X	Waltz
118431	118.0	X	Pasodoble
108204	200.0	X	Quickstep
115631	120.0	X	Pasodoble
117315	116.0	X	Foxtrot
111421	177.0	X	Viennesewaltz
115906	100.0	X	Samba
111014	128.0	X	Tango
117326	87.0	X	Slowwaltz
111906	100.0	X	Samba
117307	200.0	X	Quickstep
107510	124.0	X	Pasodoble
117709	87.0	X	Slowwaltz
113711	200.0	X	Quickstep
117209	100.0	X	Samba
116224	112.0	X	Foxtrot
116418	112.0	X	Foxtrot
112218	148.0	X	Samba
108004	200.0	X	Quickstep
107111	174.0	X	Viennesewaltz
107813	200.0	X	Quickstep
106610	116.0	X	Foxtrot
113836	164.0	X	Jive
112111	124.0	X	Chacha
110612	128.0	X	Tango
109117	177.0	X	Viennesewaltz
118214	100.0	X	Rumba
112520	107.0	X	Samba
109902	87.0	X	Waltz
114701	87.0	X	Waltz
106716	128.0	X	Tango
112420	124.0	X	Chacha
108423	124.0	X	Chacha
111216	120.0	X	Chacha
117704	84.0	X	Slowwaltz
116117	124.0	X	Chacha
108226	87.0	X	Waltz
108135	128.0	X	Tango
113002	84.0	X	Waltz
111301	116.0	X	Foxtrot
118822	88.0	X	Rumba
112531	100.0	X	Rumba
115133	120.0	X	Tango
111824	88.0	X	Waltz
110622	177.0	X	Viennesewaltz
109006	128.0	X	Tango
115330	200.0	X	Quickstep
111223	96.0	X	Rumba
111236	152.0	X	Jive
118331	112.0	X	Foxtrot
111208	98.0	X	Samba
115436	128.0	X	Tango
118812	124.0	X	Chacha
110621	177.0	X	Viennesewaltz
115238	172.0	X	Jive
110129	87.0	X	Waltz
117805	100.0	X	Samba
111827	85.0	X	Waltz
108607	124.0	X	Chacha
115715	200.0	X	Quickstep
113912	120.0	X	Chacha
106518	177.0	X	Viennesewaltz
110624	112.0	X	Foxtrot
118402	102.0	X	Samba
105711	116.0	X	Foxtrot
112902	124.0	X	Chacha
113525	116.0	X	Foxtrot
114307	102.0	X	Samba
110437	124.0	X	Tango
114731	200.0	X	Quickstep
108136	128.0	X	Tango
116108	100.0	X	Samba
107820	116.0	X	Foxtrot
117217	100.0	X	Rumba
116010	177.0	X	Viennesewaltz
107830	116.0	X	Foxtrot
107511	124.0	X	Pasodoble
115938	172.0	X	Jive
111307	116.0	X	Foxtrot
118401	102.0	X	Samba
109608	128.0	X	Tango
116401	84.0	X	Slowwaltz
107718	116.0	X	Foxtrot
108440	120.0	X	Pasodoble
115331	200.0	X	Quickstep
114716	128.0	X	Tango
113904	100.0	X	Samba
118428	100.0	X	Rumba
107931	87.0	X	Waltz
115121	87.0	X	Waltz
114908	128.0	X	Tango
112423	84.0	X	Rumba
110336	200.0	X	Quickstep
111531	100.0	X	Rumba
114114	177.0	X	Viennesewaltz
115830	116.0	X	Foxtrot
106217	112.0	X	Foxtrot
114610	100.0	X	Samba
112018	116.0	X	Foxtrot
114314	92.0	X	Rumba
110507	84.0	X	Waltz
118222	100.0	X	Rumba
113603	102.0	X	Samba
117822	92.0	X	Rumba
108120	200.0	X	Quickstep
115314	128.0	X	Tango
110511	174.0	X	Viennesewaltz
113207	124.0	X	Chacha
113004	87.0	X	Waltz
116222	116.0	X	Foxtrot
109606	124.0	X	Tango
117618	96.0	X	Rumba
116130	100.0	X	Rumba
116201	87.0	X	Waltz
118023	92.0	X	Rumba
109610	174.0	X	Viennesewaltz
106715	128.0	X	Tango
108023	87.0	X	Waltz
117112	124.0	X	Chacha
111522	124.0	X	Chacha
108308	116.0	X	Foxtrot
113135	200.0	X	Quickstep
114803	100.0	X	Samba
107726	116.0	X	Foxtrot
108122	87.0	X	Waltz
111422	174.0	X	Viennesewaltz
110325	200.0	X	Quickstep
109825	104.0	X	Rumba
116220	177.0	X	Viennesewaltz
113929	100.0	X	Rumba
113539	204.0	X	Quickstep
110016	164.0	X	Jive
115326	116.0	X	Foxtrot
110011	124.0	X	Chacha
115902	100.0	X	Samba
117612	124.0	X	Chacha
108526	104.0	X	Rumba
108420	128.0	X	Chacha
107633	128.0	X	Jive
116128	100.0	X	Rumba
108701	124.0	X	Chacha
104312	116.0	X	Foxtrot
115905	100.0	X	Samba
112537	84.0	X	Jive
107004	102.0	X	Samba
118336	200.0	X	Quickstep
110205	116.0	X	Foxtrot
106804	102.0	X	Samba
110315	200.0	X	Quickstep
117413	124.0	X	Chacha
118334	200.0	X	Quickstep
111229	92.0	X	Rumba
115203	124.0	X	Chacha
112641	174.0	X	Viennesewaltz
111524	92.0	X	Rumba
114820	124.0	X	Chacha
114014	177.0	X	Viennesewaltz
111527	96.0	X	Rumba
118510	124.0	X	Chacha
111534	116.0	X	Pasodoble
118610	188.0	X	Salsa
109019	128.0	X	Tango
116527	142.0	X	Tango
112502	124.0	X	Chacha
114920	200.0	X	Quickstep
112927	88.0	X	Rumba
106704	84.0	X	Waltz
112702	84.0	X	Waltz
116808	100.0	X	Rumba
111405	84.0	X	Waltz
107620	124.0	X	Chacha
115106	116.0	X	Foxtrot
118205	96.0	X	Rumba
108012	108.0	X	Foxtrot
112401	96.0	X	Samba
113713	200.0	X	Quickstep
113724	84.0	X	Waltz
114912	177.0	X	Viennesewaltz
111839	124.0	X	Tango
108316	200.0	X	Quickstep
118337	200.0	X	Quickstep
111910	102.0	X	Samba
109835	152.0	X	Jive
108805	100.0	X	Samba
110438	177.0	X	Viennesewaltz
110130	87.0	X	Waltz
118614	192.0	X	Salsa
107622	124.0	X	Chacha
115134	120.0	X	Tango
118211	96.0	X	Rumba
106222	204.0	X	Quickstep
111542	175.0	X	Jive
116227	112.0	X	Foxtrot
118306	84.0	X	Slowwaltz
111225	88.0	X	Rumba
108337	128.0	X	Tango
114739	174.0	X	Viennesewaltz
111539	175.0	X	Jive
108236	180.0	X	Viennesewaltz
110619	177.0	X	Viennesewaltz
107107	128.0	X	Tango
118419	124.0	X	Chacha
111321	87.0	X	Waltz
106721	112.0	X	Foxtrot
107907	200.0	X	Quickstep
117930	112.0	X	Foxtrot
113118	177.0	X	Viennesewaltz
111101	87.0	X	Waltz
113611	102.0	X	Samba
116712	96.0	X	Rumba
107207	124.0	X	Chacha
118824	96.0	X	Rumba
113515	124.0	X	Tango
112425	88.0	X	Rumba
108140	128.0	X	Tango
118204	92.0	X	Rumba
114437	200.0	X	Quickstep
117319	116.0	X	Foxtrot
107009	88.0	X	Rumba
111333	124.0	X	Tango
116221	174.0	X	Viennesewaltz
110221	116.0	X	Foxtrot
108202	200.0	X	Quickstep
118732	124.0	X	Tango
111218	124.0	X	Chacha
114018	116.0	X	Foxtrot
118506	102.0	X	Samba
110421	87.0	X	Waltz
109605	87.0	X	Waltz
117405	100.0	X	Samba
110703	100.0	X	Samba
115940	172.0	X	Jive
111302	116.0	X	Foxtrot
115725	87.0	X	Waltz
111928	92.0	X	Rumba
111206	102.0	X	Samba
112607	87.0	X	Waltz
117827	100.0	X	Rumba
117622	172.0	X	Jive
118039	172.0	X	Jive
115239	172.0	X	Jive
108718	100.0	X	Samba
118434	172.0	X	Jive
106219	204.0	X	Quickstep
115406	124.0	X	Tango
106318	172.0	X	Jive
108026	87.0	X	Waltz
114003	84.0	X	Waltz
113206	102.0	X	Samba
109913	116.0	X	Foxtrot
110132	87.0	X	Waltz
112440	172.0	X	Jive
108717	100.0	X	Samba
113025	116.0	X	Foxtrot
107823	116.0	X	Foxtrot
108821	96.0	X	Rumba
113110	84.0	X	Waltz
107106	128.0	X	Tango
112209	100.0	X	Samba
117117	100.0	X	Rumba
117928	112.0	X	Foxtrot
110334	200.0	X	Quickstep
113203	102.0	X	Samba
113809	124.0	X	Chacha
111720	84.0	X	Rumba
108309	116.0	X	Foxtrot
117603	102.0	X	Samba
112640	177.0	X	Viennesewaltz
111810	116.0	X	Foxtrot
113820	100.0	X	Samba
114511	124.0	X	Chacha
115137	124.0	X	Tango
118424	96.0	X	Rumba
115328	200.0	X	Quickstep
106307	124.0	X	Chacha
107735	180.0	X	Viennesewaltz
112311	124.0	X	Chacha
114017	112.0	X	Foxtrot
117017	172.0	X	Jive
100802	100.0	X	Samba
115210	124.0	X	Chacha
106738	177.0	X	Viennesewaltz
106620	177.0	X	Viennesewaltz
115105	116.0	X	Foxtrot
118120	200.0	X	Quickstep
109812	124.0	X	Chacha
113906	100.0	X	Samba
111832	177.0	X	Viennesewaltz
111513	124.0	X	Chacha
113721	200.0	X	Quickstep
109204	116.0	X	Foxtrot
106722	112.0	X	Foxtrot
116420	200.0	X	Quickstep
117428	92.0	X	Rumba
114403	87.0	X	Waltz
111322	85.0	X	Waltz
107305	84.0	X	Waltz
117733	200.0	X	Quickstep
112306	102.0	X	Samba
109219	116.0	X	Foxtrot
114832	168.0	X	Jive
115828	116.0	X	Foxtrot
112512	100.0	X	Samba
115933	118.0	X	Pasodoble
116003	87.0	X	Waltz
117828	96.0	X	Rumba
105012	112.0	X	Foxtrot
117409	98.0	X	Samba
115232	118.0	X	Pasodoble
118618	196.0	X	Salsa
115007	120.0	X	Tango
113210	124.0	X	Chacha
112201	96.0	X	Rumba
110805	124.0	X	Chacha
117429	92.0	X	Rumba
114304	102.0	X	Samba
114907	128.0	X	Tango
113913	124.0	X	Chacha
116919	124.0	X	Wcswing
112915	100.0	X	Samba
109106	176.0	X	Viennesewaltz
109614	116.0	X	Foxtrot
112429	96.0	X	Rumba
117532	200.0	X	Quickstep
107810	87.0	X	Waltz
118707	116.0	X	Foxtrot
111937	168.0	X	Jive
107734	177.0	X	Viennesewaltz
115021	128.0	X	Tango
118504	102.0	X	Samba
111607	124.0	X	Chacha
118701	120.0	X	Foxtrot
110403	116.0	X	Foxtrot
113016	174.0	X	Viennesewaltz
109321	200.0	X	Quickstep
108331	180.0	X	Viennesewaltz
111609	124.0	X	Chacha
112508	125.0	X	Chacha
118332	110.0	X	Foxtrot
108529	96.0	X	Rumba
109604	84.0	X	Waltz
108735	168.0	X	Jive
117907	84.0	X	Slowwaltz
112103	102.0	X	Samba
109613	112.0	X	Foxtrot
117318	116.0	X	Foxtrot
111325	87.0	X	Waltz
108623	92.0	X	Rumba
110208	116.0	X	Foxtrot
114505	100.0	X	Samba
108112	200.0	X	Quickstep
115737	120.0	X	Tango
106727	196.0	X	Quickstep
108609	124.0	X	Chacha
115630	104.0	X	Rumba
107831	177.0	X	Viennesewaltz
115318	128.0	X	Tango
110735	172.0	X	Jive
107003	102.0	X	Samba
115622	84.0	X	Rumba
114723	116.0	X	Foxtrot
109828	100.0	X	Rumba
114608	100.0	X	Samba
110420	200.0	X	Quickstep
117801	100.0	X	Samba
113222	172.0	X	Jive
113218	172.0	X	Jive
108909	87.0	X	Waltz
108326	87.0	X	Waltz
107011	96.0	X	Rumba
110633	200.0	X	Quickstep
108403	104.0	X	Samba
109115	177.0	X	Viennesewaltz
110909	124.0	X	Chacha
118603	180.0	X	Salsa
111228	92.0	X	Rumba
111408	84.0	X	Waltz
110713	124.0	X	Chacha
117419	124.0	X	Chacha
106520	204.0	X	Quickstep
107829	116.0	X	Foxtrot
109718	76.0	X	Rumba
109215	116.0	X	Foxtrot
112614	128.0	X	Tango
115338	174.0	X	Viennesewaltz
107202	102.0	X	Samba
107641	172.0	X	Jive
112634	200.0	X	Quickstep
112518	100.0	X	Samba
115323	112.0	X	Foxtrot
108228	87.0	X	Waltz
114736	200.0	X	Quickstep
115208	124.0	X	Chacha
113806	124.0	X	Chacha
115425	124.0	X	Tango
110807	124.0	X	Chacha
115004	120.0	X	Tango
110233	116.0	X	Foxtrot
107724	112.0	X	Foxtrot
110736	172.0	X	Jive
114504	100.0	X	Samba
116109	100.0	X	Samba
115304	87.0	X	Waltz
116305	100.0	X	Samba
110921	172.0	X	Jive
107321	128.0	X	Tango
113121	177.0	X	Viennesewaltz
113008	87.0	X	Waltz
111707	124.0	X	Chacha
117403	100.0	X	Samba
114007	124.0	X	Tango
114104	84.0	X	Waltz
106725	116.0	X	Foxtrot
108237	180.0	X	Viennesewaltz
110418	196.0	X	Quickstep
116116	124.0	X	Chacha
108040	177.0	X	Viennesewaltz
107911	116.0	X	Foxtrot
105714	112.0	X	Foxtrot
110313	200.0	X	Quickstep
108513	124.0	X	Chacha
113311	177.0	X	Viennesewaltz
115201	124.0	X	Chacha
107016	172.0	X	Jive
116237	200.0	X	Quickstep
113308	128.0	X	Tango
108631	168.0	X	Jive
112022	200.0	X	Quickstep
110312	200.0	X	Quickstep
113302	87.0	X	Waltz
113630	96.0	X	Rumba
115231	118.0	X	Pasodoble
118202	80.0	X	Rumba
111812	200.0	X	Quickstep
112644	84.0	X	Viennesewaltz
115212	100.0	X	Samba
118311	128.0	X	Tango
107930	84.0	X	Waltz
108327	87.0	X	Waltz
118602	160.0	X	Salsa
115405	130.0	X	Tango
111235	118.0	X	Pasodoble
107214	172.0	X	Jive
112313	96.0	X	Rumba
110013	100.0	X	Rumba
108824	100.0	X	Rumba
110510	128.0	X	Tango
118813	124.0	X	Chacha
109834	118.0	X	Pasodoble
117509	84.0	X	Slowwaltz
105813	112.0	X	Foxtrot
114021	200.0	X	Quickstep
114923	200.0	X	Quickstep
117214	102.0	X	Samba
115204	124.0	X	Chacha
114116	116.0	X	Foxtrot
110517	200.0	X	Quickstep
108002	200.0	X	Quickstep
113829	80.0	X	Rumba
111716	172.0	X	Jive
111506	100.0	X	Samba
110134	87.0	X	Waltz
115236	168.0	X	Jive
111902	100.0	X	Samba
115613	100.0	X	Samba
113819	100.0	X	Samba
117501	84.0	X	Slowwaltz
113808	124.0	X	Chacha
115419	98.0	X	Tango
116015	116.0	X	Foxtrot
116406	87.0	X	Slowwaltz
110630	112.0	X	Foxtrot
109815	124.0	X	Chacha
114309	124.0	X	Chacha
115714	204.0	X	Quickstep
117513	128.0	X	Tango
118408	100.0	X	Samba
114720	128.0	X	Tango
108437	164.0	X	Jive
106814	100.0	X	Rumba
110419	200.0	X	Quickstep
113416	96.0	X	Rumba
115012	124.0	X	Tango
115739	124.0	X	Tango
113717	200.0	X	Quickstep
111411	87.0	X	Waltz
107634	153.0	X	Jive
115602	124.0	X	Chacha
104512	116.0	X	Foxtrot
115903	100.0	X	Samba
115609	124.0	X	Chacha
113220	172.0	X	Jive
116135	172.0	X	Jive
110332	200.0	X	Quickstep
115637	176.0	X	Jive
118213	100.0	X	Rumba
109316	200.0	X	Quickstep
112930	172.0	X	Jive
112921	92.0	X	Rumba
118734	128.0	X	Tango
114506	100.0	X	Samba
114434	200.0	X	Quickstep
109808	102.0	X	Samba
108504	100.0	X	Samba
107110	174.0	X	Viennesewaltz
113712	200.0	X	Quickstep
109838	172.0	X	Jive
110520	204.0	X	Quickstep
109707	124.0	X	Chacha
118820	124.0	X	Chacha
117503	87.0	X	Slowwaltz
108138	128.0	X	Tango
108622	96.0	X	Rumba
117435	168.0	X	Jive
110308	200.0	X	Quickstep
116822	204.0	X	Quickstep
108433	104.0	X	Rumba
116504	122.0	X	Tango
110709	120.0	X	Chacha
115813	128.0	X	Tango
112115	100.0	X	Rumba
111714	172.0	X	Jive
118841	120.0	X	Pasodoble
116225	116.0	X	Foxtrot
106703	84.0	X	Waltz
113930	100.0	X	Rumba
110101	87.0	X	Waltz
113613	124.0	X	Chacha
106305	102.0	X	Samba
117408	100.0	X	Samba
118721	87.0	X	Waltz
108731	152.0	X	Jive
110434	124.0	X	Tango
114404	87.0	X	Waltz
113812	100.0	X	Samba
116509	128.0	X	Tango
110518	204.0	X	Quickstep
115321	112.0	X	Foxtrot
114109	128.0	X	Tango
108035	128.0	X	Tango
108820	124.0	X	Chacha
109407	128.0	X	Tango
108509	100.0	X	Samba
112116	100.0	X	Rumba
117901	84.0	X	Slowwaltz
108806	100.0	X	Samba
109719	74.0	X	Rumba
110631	116.0	X	Foxtrot
110329	200.0	X	Quickstep
115707	116.0	X	Foxtrot
106319	172.0	X	Jive
104912	112.0	X	Foxtrot
117816	124.0	X	Chacha
114708	84.0	X	Waltz
110411	200.0	X	Quickstep
113523	112.0	X	Foxtrot
116511	120.0	X	Tango
107812	196.0	X	Quickstep
112510	120.0	X	Chacha
108505	102.0	X	Samba
108725	100.0	X	Rumba
108625	100.0	X	Rumba
115339	174.0	X	Viennesewaltz
107206	124.0	X	Chacha
107640	172.0	X	Jive
113209	124.0	X	Chacha
109109	177.0	X	Viennesewaltz
109104	177.0	X	Viennesewaltz
118022	92.0	X	Rumba
113420	168.0	X	Jive
113722	87.0	X	Waltz
118326	112.0	X	Foxtrot
110918	172.0	X	Jive
116235	200.0	X	Quickstep
118102	87.0	X	Slowwaltz
112437	164.0	X	Jive
107806	85.0	X	Waltz
107819	200.0	X	Quickstep
111836	128.0	X	Tango
111313	200.0	X	Quickstep
116207	84.0	X	Waltz
117936	200.0	X	Quickstep
113139	200.0	X	Quickstep
111327	87.0	X	Waltz
113015	128.0	X	Tango
111830	66.0	X	Waltz
115628	100.0	X	Rumba
112223	132.0	X	Jive
112638	200.0	X	Quickstep
108119	204.0	X	Quickstep
112504	124.0	X	Chacha
109012	128.0	X	Tango
112526	100.0	X	Rumba
111935	152.0	X	Jive
106807	100.0	X	Chacha
111211	98.0	X	Samba
113317	116.0	X	Foxtrot
113540	200.0	X	Quickstep
114430	200.0	X	Quickstep
107901	200.0	X	Quickstep
115313	128.0	X	Tango
114902	84.0	X	Waltz
109910	177.0	X	Viennesewaltz
108506	102.0	X	Samba
113033	200.0	X	Quickstep
100812	100.0	X	Rumba
117706	87.0	X	Slowwaltz
115810	87.0	X	Waltz
117328	88.0	X	Slowwaltz
115325	112.0	X	Foxtrot
112913	100.0	X	Samba
106713	128.0	X	Tango
118606	180.0	X	Salsa
113314	112.0	X	Foxtrot
110618	174.0	X	Viennesewaltz
107716	204.0	X	Quickstep
114602	100.0	X	Samba
107921	87.0	X	Waltz
111205	98.0	X	Samba
115434	124.0	X	Tango
115423	124.0	X	Tango
107923	87.0	X	Waltz
115726	87.0	X	Waltz
106312	100.0	X	Rumba
113021	116.0	X	Foxtrot
114823	96.0	X	Rumba
117421	100.0	X	Rumba
106817	160.0	X	Jive
107328	116.0	X	Foxtrot
117414	124.0	X	Chacha
115908	100.0	X	Samba
110720	88.0	X	Rumba
113120	174.0	X	Viennesewaltz
109111	177.0	X	Viennesewaltz
111107	128.0	X	Tango
116125	96.0	X	Rumba
118106	84.0	X	Slowwaltz
113313	174.0	X	Viennesewaltz
108819	124.0	X	Chacha
107304	84.0	X	Waltz
117836	172.0	X	Jive
115930	100.0	X	Rumba
118114	174.0	X	Viennesewaltz
117725	112.0	X	Foxtrot
111912	124.0	X	Chacha
113419	168.0	X	Jive
113727	87.0	X	Waltz
117003	128.0	X	Jive
107340	177.0	X	Viennesewaltz
106517	128.0	X	Tango
114737	174.0	X	Viennesewaltz
107621	124.0	X	Chacha
113623	84.0	X	Rumba
114840	172.0	X	Jive
116809	100.0	X	Rumba
108229	87.0	X	Waltz
116007	128.0	X	Tango
118028	100.0	X	Rumba
114513	100.0	X	Rumba
108901	84.0	X	Waltz
104311	112.0	X	Foxtrot
111806	116.0	X	Foxtrot
110607	84.0	X	Waltz
116605	180.0	X	Salsa
114425	112.0	X	Foxtrot
112933	164.0	X	Jive
110727	100.0	X	Rumba
108239	180.0	X	Viennesewaltz
115603	124.0	X	Chacha
116218	174.0	X	Viennesewaltz
105909	112.0	X	Foxtrot
110611	128.0	X	Tango
108320	200.0	X	Quickstep
107602	98.0	X	Samba
108628	92.0	X	Rumba
110641	204.0	X	Quickstep
110412	196.0	X	Quickstep
117308	200.0	X	Quickstep
111005	87.0	X	Waltz
113920	124.0	X	Chacha
111712	96.0	X	Rumba
117524	112.0	X	Foxtrot
116241	200.0	X	Quickstep
113733	177.0	X	Viennesewaltz
114402	87.0	X	Waltz
108822	100.0	X	Rumba
116409	128.0	X	Tango
111709	92.0	X	Rumba
106606	84.0	X	Waltz
100813	122.0	X	Pasodoble
110417	200.0	X	Quickstep
118439	172.0	X	Jive
116405	87.0	X	Slowwaltz
118611	188.0	X	Salsa
115640	172.0	X	Jive
111220	120.0	X	Chacha
109007	128.0	X	Tango
118413	124.0	X	Chacha
111113	112.0	X	Foxtrot
115907	100.0	X	Samba
115123	87.0	X	Waltz
115606	124.0	X	Chacha
117934	112.0	X	Foxtrot
110206	116.0	X	Foxtrot
116714	100.0	X	Rumba
117935	200.0	X	Quickstep
116006	87.0	X	Waltz
116014	116.0	X	Foxtrot
116526	124.0	X	Tango
110320	200.0	X	Quickstep
110423	87.0	X	Waltz
113502	87.0	X	Waltz
112529	100.0	X	Rumba
109839	172.0	X	Jive
108034	128.0	X	Tango
117020	172.0	X	Jive
110811	124.0	X	Chacha
104509	116.0	X	Foxtrot
110122	87.0	X	Waltz
111012	128.0	X	Tango
108010	200.0	X	Quickstep
110333	200.0	X	Quickstep
111117	204.0	X	Quickstep
111502	100.0	X	Samba
109408	128.0	X	Tango
104715	108.0	X	Foxtrot
117323	87.0	X	Slowwaltz
112539	118.0	X	Pasodoble
108809	100.0	X	Samba
106212	177.0	X	Viennesewaltz
110822	100.0	X	Rumba
115418	87.0	X	Tango
112438	168.0	X	Jive
113931	100.0	X	Rumba
108125	87.0	X	Waltz
108918	84.0	X	Waltz
113129	116.0	X	Foxtrot
108708	124.0	X	Chacha
110809	124.0	X	Chacha
113625	92.0	X	Rumba
108502	100.0	X	Samba
108720	102.0	X	Samba
111420	171.0	X	Viennesewaltz
112501	124.0	X	Chacha
107731	128.0	X	Tango
110640	200.0	X	Quickstep
115936	172.0	X	Jive
112214	175.0	X	Jive
113530	116.0	X	Foxtrot
118517	168.0	X	Jive
115336	174.0	X	Viennesewaltz
118015	100.0	X	Samba
111516	124.0	X	Chacha
114924	200.0	X	Quickstep
113739	124.0	X	Tango
110638	200.0	X	Quickstep
117331	124.0	X	Tango
118720	204.0	X	Quickstep
114606	100.0	X	Samba
115915	124.0	X	Chacha
110819	100.0	X	Rumba
115125	81.0	X	Waltz
111431	204.0	X	Quickstep
115439	122.0	X	Tango
111540	175.0	X	Jive
107007	124.0	X	Chacha
107708	87.0	X	Waltz
115207	124.0	X	Chacha
116611	156.0	X	Salsa
115229	104.0	X	Rumba
115911	100.0	X	Samba
110409	116.0	X	Foxtrot
113905	100.0	X	Samba
113538	200.0	X	Quickstep
109411	174.0	X	Viennesewaltz
117903	84.0	X	Slowwaltz
117707	84.0	X	Slowwaltz
115222	96.0	X	Rumba
112936	118.0	X	Pasodoble
112617	128.0	X	Tango
117932	108.0	X	Foxtrot
117113	124.0	X	Chacha
107935	132.0	X	Tango
111318	200.0	X	Quickstep
118123	200.0	X	Quickstep
112430	100.0	X	Rumba
113830	80.0	X	Rumba
112221	68.0	X	Rumba
107103	87.0	X	Waltz
115822	112.0	X	Foxtrot
114321	172.0	X	Jive
107211	96.0	X	Rumba
118030	100.0	X	Rumba
112807	116.0	X	Foxtrot
107838	136.0	X	Tango
118016	100.0	X	Samba
118422	96.0	X	Rumba
111409	84.0	X	Waltz
118122	200.0	X	Quickstep
116518	125.0	X	Tango
118705	116.0	X	Foxtrot
113405	100.0	X	Samba
115317	128.0	X	Tango
111508	102.0	X	Samba
118840	120.0	X	Pasodoble
111306	116.0	X	Foxtrot
117316	116.0	X	Foxtrot
110005	102.0	X	Samba
108414	104.0	X	Rumba
111406	84.0	X	Waltz
105013	112.0	X	Foxtrot
106801	100.0	X	Samba
111705	120.0	X	Chacha
118601	140.0	X	Salsa
115432	120.0	X	Tango
110326	200.0	X	Quickstep
114815	124.0	X	Chacha
114813	124.0	X	Chacha
110117	84.0	X	Waltz
114724	116.0	X	Foxtrot
118330	112.0	X	Foxtrot
110230	116.0	X	Foxtrot
116821	116.0	X	Foxtrot
109210	116.0	X	Foxtrot
113826	96.0	X	Rumba
113813	102.0	X	Samba
118723	87.0	X	Waltz
112318	172.0	X	Jive
116210	87.0	X	Waltz
118342	200.0	X	Quickstep
109305	200.0	X	Quickstep
112813	200.0	X	Quickstep
115814	128.0	X	Tango
110725	100.0	X	Rumba
107611	100.0	X	Chacha
108105	116.0	X	Foxtrot
110003	100.0	X	Samba
118217	100.0	X	Rumba
117913	128.0	X	Tango
113604	102.0	X	Samba
108818	124.0	X	Chacha
115226	104.0	X	Rumba
109002	128.0	X	Tango
107928	87.0	X	Waltz
112015	112.0	X	Foxtrot
118738	124.0	X	Tango
108438	164.0	X	Jive
118038	172.0	X	Jive
117334	120.0	X	Tango
118814	124.0	X	Chacha
108632	168.0	X	Jive
108336	128.0	X	Tango
112428	96.0	X	Rumba
117220	106.0	X	Rumba
112718	116.0	X	Foxtrot
114819	124.0	X	Chacha
114714	128.0	X	Tango
108613	100.0	X	Samba
108212	116.0	X	Foxtrot
112017	116.0	X	Foxtrot
107102	87.0	X	Waltz
114411	128.0	X	Tango
111336	124.0	X	Tango
111511	102.0	X	Samba
109805	100.0	X	Samba
110007	124.0	X	Chacha
107008	124.0	X	Chacha
118029	100.0	X	Rumba
109803	100.0	X	Samba
109404	84.0	X	Waltz
110131	87.0	X	Waltz
117528	112.0	X	Foxtrot
117120	174.0	X	Jive
112101	102.0	X	Samba
116411	128.0	X	Tango
108612	100.0	X	Samba
110008	124.0	X	Chacha
117722	112.0	X	Foxtrot
111820	200.0	X	Quickstep
113621	124.0	X	Chacha
117918	128.0	X	Tango
111334	124.0	X	Tango
113514	128.0	X	Tango
113914	124.0	X	Chacha
110604	87.0	X	Waltz
115634	172.0	X	Jive
117727	112.0	X	Foxtrot
108814	120.0	X	Chacha
118036	168.0	X	Jive
115122	87.0	X	Waltz
109802	100.0	X	Samba
115010	124.0	X	Tango
110427	87.0	X	Waltz
108826	100.0	X	Rumba
112622	128.0	X	Tango
107346	200.0	X	Quickstep
109211	116.0	X	Foxtrot
116902	92.0	X	Wcswing
106737	174.0	X	Viennesewaltz
114420	128.0	X	Tango
108617	102.0	X	Samba
111118	204.0	X	Quickstep
118440	172.0	X	Jive
113107	84.0	X	Waltz
118107	128.0	X	Tango
117924	116.0	X	Foxtrot
116239	200.0	X	Quickstep
111517	124.0	X	Chacha
109120	177.0	X	Viennesewaltz
115917	124.0	X	Chacha
116422	200.0	X	Quickstep
116710	124.0	X	Chacha
114903	84.0	X	Waltz
111519	124.0	X	Chacha
118327	114.0	X	Foxtrot
106503	87.0	X	Waltz
106201	87.0	X	Waltz
113411	124.0	X	Chacha
111802	116.0	X	Foxtrot
118221	100.0	X	Rumba
108715	102.0	X	Samba
113617	124.0	X	Chacha
117411	120.0	X	Chacha
113126	112.0	X	Foxtrot
108412	100.0	X	Rumba
118223	100.0	X	Rumba
110502	87.0	X	Waltz
113527	112.0	X	Foxtrot
112010	174.0	X	Viennesewaltz
116115	124.0	X	Chacha
115421	82.0	X	Tango
108603	124.0	X	Chacha
111931	184.0	X	Salsa
117726	112.0	X	Foxtrot
115829	116.0	X	Foxtrot
109103	177.0	X	Viennesewaltz
111613	88.0	X	Rumba
109403	84.0	X	Waltz
107303	84.0	X	Waltz
107939	177.0	X	Viennesewaltz
107918	116.0	X	Foxtrot
104013	120.0	X	Pasodoble
117703	87.0	X	Slowwaltz
111437	204.0	X	Quickstep
113219	172.0	X	Jive
108110	116.0	X	Foxtrot
115928	100.0	X	Rumba
111927	92.0	X	Rumba
108231	128.0	X	Tango
114507	124.0	X	Chacha
108324	87.0	X	Waltz
117207	100.0	X	Rumba
112106	96.0	X	Chacha
115422	117.0	X	Tango
113410	124.0	X	Chacha
116203	84.0	X	Waltz
113823	100.0	X	Rumba
111433	200.0	X	Quickstep
108222	87.0	X	Waltz
109623	84.0	X	Waltz
113939	172.0	X	Jive
108022	87.0	X	Waltz
113620	124.0	X	Chacha
108906	84.0	X	Waltz
115710	116.0	X	Foxtrot
111915	124.0	X	Chacha
118329	111.0	X	Foxtrot
111610	124.0	X	Chacha
100817	172.0	X	Jive
118025	100.0	X	Rumba
118416	124.0	X	Chacha
111425	112.0	X	Foxtrot
110906	102.0	X	Samba
118513	100.0	X	Rumba
111909	102.0	X	Samba
111515	124.0	X	Chacha
110919	172.0	X	Jive
116132	134.0	X	Jive
106221	204.0	X	Quickstep
107331	116.0	X	Foxtrot
105513	112.0	X	Foxtrot
111920	124.0	X	Chacha
116815	87.0	X	Waltz
114423	116.0	X	Foxtrot
106712	128.0	X	Tango
115240	172.0	X	Jive
109315	204.0	X	Quickstep
117103	100.0	X	Samba
113408	120.0	X	Chacha
112014	116.0	X	Foxtrot
115315	128.0	X	Tango
116536	157.0	X	Tango
109018	128.0	X	Tango
114311	124.0	X	Chacha
117340	177.0	X	Viennesewaltz
118518	168.0	X	Jive
117324	84.0	X	Slowwaltz
118836	168.0	X	Jive
113628	92.0	X	Rumba
111834	128.0	X	Tango
108425	128.0	X	Chacha
117937	200.0	X	Quickstep
110111	84.0	X	Waltz
112538	87.0	X	Jive
110439	177.0	X	Viennesewaltz
115724	87.0	X	Waltz
110728	100.0	X	Rumba
110018	172.0	X	Jive
113635	118.0	X	Pasodoble
112816	200.0	X	Quickstep
107512	124.0	X	Pasodoble
107610	102.0	X	Samba
114436	200.0	X	Quickstep
117518	128.0	X	Tango
110808	124.0	X	Chacha
108429	104.0	X	Samba
107937	128.0	X	Tango
113501	84.0	X	Waltz
111921	96.0	X	Rumba
118722	87.0	X	Waltz
115019	128.0	X	Tango
110402	116.0	X	Foxtrot
117206	102.0	X	Samba
106519	116.0	X	Foxtrot
112203	100.0	X	Rumba
114008	128.0	X	Tango
111120	204.0	X	Quickstep
112703	87.0	X	Waltz
112215	175.0	X	Jive
114417	128.0	X	Tango
113917	124.0	X	Chacha
115428	116.0	X	Tango
108636	152.0	X	Jive
112803	116.0	X	Foxtrot
117908	84.0	X	Slowwaltz
112802	116.0	X	Foxtrot
113827	88.0	X	Rumba
116017	200.0	X	Quickstep
113131	112.0	X	Foxtrot
117109	124.0	X	Chacha
106714	128.0	X	Tango
114721	112.0	X	Foxtrot
113709	116.0	X	Foxtrot
107712	208.0	X	Quickstep
118726	87.0	X	Waltz
114918	112.0	X	Foxtrot
117943	200.0	X	Quickstep
116507	120.0	X	Tango
107711	208.0	X	Quickstep
106601	87.0	X	Waltz
112624	116.0	X	Foxtrot
107339	177.0	X	Viennesewaltz
117608	124.0	X	Chacha
108829	104.0	X	Rumba
110813	80.0	X	Rumba
117517	128.0	X	Tango
116320	172.0	X	Jive
108531	120.0	X	Pasodoble
112206	102.0	X	Samba
108823	100.0	X	Rumba
112621	128.0	X	Tango
118032	144.0	X	Jive
110802	96.0	X	Chacha
109908	128.0	X	Tango
118119	200.0	X	Quickstep
113204	102.0	X	Samba
116906	108.0	X	Wcswing
113509	87.0	X	Waltz
114005	87.0	X	Waltz
108905	87.0	X	Waltz
112217	175.0	X	Jive
106709	87.0	X	Waltz
115327	116.0	X	Foxtrot
117104	100.0	X	Samba
104215	116.0	X	Foxtrot
108121	204.0	X	Quickstep
113614	124.0	X	Chacha
118621	200.0	X	Salsa
111510	102.0	X	Samba
111007	84.0	X	Waltz
112823	87.0	X	Waltz
115316	128.0	X	Tango
108405	102.0	X	Samba
112102	102.0	X	Samba
113406	100.0	X	Samba
111835	128.0	X	Tango
110426	87.0	X	Waltz
110801	92.0	X	Chacha
118733	128.0	X	Tango
114830	100.0	X	Rumba
117929	116.0	X	Foxtrot
108713	100.0	X	Samba
117944	200.0	X	Quickstep
108103	116.0	X	Foxtrot
111929	100.0	X	Rumba
108219	116.0	X	Foxtrot
118410	100.0	X	Samba
112602	84.0	X	Waltz
114118	116.0	X	Foxtrot
111530	100.0	X	Rumba
114609	100.0	X	Samba
107332	116.0	X	Foxtrot
113112	128.0	X	Tango
112636	200.0	X	Quickstep
116124	96.0	X	Rumba
115234	164.0	X	Jive
118622	208.0	X	Salsa
114432	200.0	X	Quickstep
117803	102.0	X	Samba
118605	180.0	X	Salsa
116515	133.0	X	Tango
112422	76.0	X	Rumba
109607	128.0	X	Tango
111930	128.0	X	Rumba
100808	124.0	X	Chacha
106609	124.0	X	Tango
111432	204.0	X	Quickstep
118105	87.0	X	Slowwaltz
108431	93.0	X	Rumba
117909	87.0	X	Slowwaltz
110324	200.0	X	Quickstep
110304	200.0	X	Quickstep
117218	120.0	X	Chacha
112707	128.0	X	Tango
118823	92.0	X	Rumba
112709	128.0	X	Tango
110224	116.0	X	Foxtrot
117905	84.0	X	Slowwaltz
118008	120.0	X	Chacha
108104	116.0	X	Foxtrot
110626	116.0	X	Foxtrot
109720	132.0	X	Jive
114120	200.0	X	Quickstep
108432	104.0	X	Rumba
118805	100.0	X	Samba
111312	200.0	X	Quickstep
110019	172.0	X	Jive
113707	116.0	X	Foxtrot
115727	87.0	X	Waltz
111715	172.0	X	Jive
116803	102.0	X	Samba
104913	116.0	X	Foxtrot
109914	116.0	X	Foxtrot
109017	128.0	X	Tango
106803	102.0	X	Samba
111808	116.0	X	Foxtrot
112706	87.0	X	Waltz
109708	124.0	X	Chacha
107216	92.0	X	Chacha
112903	124.0	X	Chacha
107915	116.0	X	Foxtrot
115927	100.0	X	Rumba
111529	96.0	X	Rumba
115807	84.0	X	Waltz
113534	200.0	X	Quickstep
115431	114.0	X	Tango
114603	100.0	X	Samba
117717	128.0	X	Tango
109401	87.0	X	Waltz
113715	200.0	X	Quickstep
109008	128.0	X	Tango
114323	172.0	X	Jive
113036	204.0	X	Quickstep
108503	100.0	X	Samba
113616	124.0	X	Chacha
100613	112.0	X	Foxtrot
117531	200.0	X	Quickstep
117522	112.0	X	Foxtrot
104014	120.0	X	Pasodoble
115127	87.0	X	Waltz
114413	128.0	X	Tango
109320	204.0	X	Quickstep
110733	144.0	X	Jive
116008	128.0	X	Tango
115730	87.0	X	Waltz
117535	200.0	X	Quickstep
108629	104.0	X	Rumba
116717	172.0	X	Jive
111537	175.0	X	Jive
111904	100.0	X	Samba
112714	177.0	X	Viennesewaltz
114316	96.0	X	Rumba
112610	87.0	X	Waltz
116708	124.0	X	Chacha
112439	172.0	X	Jive
114408	87.0	X	Waltz
117337	124.0	X	Tango
117015	172.0	X	Jive
117735	200.0	X	Quickstep
112623	112.0	X	Foxtrot
112530	104.0	X	Rumba
113510	84.0	X	Waltz
117212	102.0	X	Samba
113938	172.0	X	Jive
116604	184.0	X	Salsa
110718	124.0	X	Chacha
113632	96.0	X	Rumba
110917	100.0	X	Rumba
118427	100.0	X	Rumba
113834	160.0	X	Jive
115841	200.0	X	Quickstep
111004	87.0	X	Waltz
114711	84.0	X	Waltz
113626	92.0	X	Rumba
111330	87.0	X	Waltz
113629	96.0	X	Rumba
110818	96.0	X	Rumba
106724	112.0	X	Foxtrot
110118	84.0	X	Waltz
108332	180.0	X	Viennesewaltz
116612	148.0	X	Salsa
110108	87.0	X	Waltz
107910	200.0	X	Quickstep
108912	87.0	X	Waltz
116120	124.0	X	Chacha
118724	87.0	X	Waltz
107924	87.0	X	Waltz
114833	172.0	X	Jive
115211	100.0	X	Samba
114722	112.0	X	Foxtrot
109011	128.0	X	Tango
116806	124.0	X	Chacha
115639	172.0	X	Jive
109112	177.0	X	Viennesewaltz
104813	116.0	X	Foxtrot
108328	87.0	X	Waltz
114910	128.0	X	Tango
115120	200.0	X	Quickstep
117807	102.0	X	Samba
109101	177.0	X	Viennesewaltz
114901	84.0	X	Waltz
110712	124.0	X	Chacha
107508	100.0	X	Rumba
106728	200.0	X	Quickstep
112611	84.0	X	Waltz
108916	87.0	X	Waltz
113902	100.0	X	Samba
115306	84.0	X	Waltz
115215	100.0	X	Samba
116521	129.0	X	Tango
112410	102.0	X	Samba
114802	100.0	X	Samba
118033	152.0	X	Jive
113029	116.0	X	Foxtrot
108511	124.0	X	Chacha
107903	200.0	X	Quickstep
111319	200.0	X	Quickstep
109705	120.0	X	Chacha
110115	84.0	X	Waltz
111418	128.0	X	Tango
115139	124.0	X	Tango
111722	136.0	X	Jive
108528	96.0	X	Rumba
116602	200.0	X	Salsa
118113	171.0	X	Viennesewaltz
106516	87.0	X	Waltz
110634	200.0	X	Quickstep
115832	116.0	X	Foxtrot
116804	124.0	X	Chacha
113006	87.0	X	Waltz
113208	124.0	X	Chacha
116905	100.0	X	Wcswing
108201	200.0	X	Quickstep
116923	152.0	X	Wcswing
116523	134.0	X	Tango
118404	100.0	X	Samba
114702	87.0	X	Waltz
110220	112.0	X	Foxtrot
115131	174.0	X	Viennesewaltz
109615	204.0	X	Quickstep
108209	200.0	X	Quickstep
113007	87.0	X	Waltz
107014	172.0	X	Jive
115220	100.0	X	Samba
115017	128.0	X	Tango
111305	116.0	X	Foxtrot
106521	87.0	X	Waltz
117606	102.0	X	Samba
117829	100.0	X	Rumba
113643	102.0	X	Samba
117412	124.0	X	Chacha
111532	100.0	X	Rumba
114718	128.0	X	Tango
117010	156.0	X	Jive
107616	116.0	X	Chacha
117016	172.0	X	Jive
113141	196.0	X	Quickstep
106505	128.0	X	Tango
104914	116.0	X	Foxtrot
110440	177.0	X	Viennesewaltz
107732	177.0	X	Viennesewaltz
107912	116.0	X	Foxtrot
110719	124.0	X	Chacha
117824	100.0	X	Rumba
114719	128.0	X	Tango
114514	100.0	X	Rumba
117809	102.0	X	Samba
113221	172.0	X	Jive
116529	151.0	X	Tango
117714	128.0	X	Tango
100803	100.0	X	Samba
118509	124.0	X	Chacha
114831	116.0	X	Pasodoble
116921	136.0	X	Wcswing
113816	100.0	X	Samba
112005	87.0	X	Waltz
116310	124.0	X	Chacha
112302	102.0	X	Samba
110303	200.0	X	Quickstep
110407	116.0	X	Foxtrot
115124	87.0	X	Waltz
116413	174.0	X	Viennesewaltz
109213	116.0	X	Foxtrot
115116	196.0	X	Quickstep
118620	200.0	X	Salsa
113316	116.0	X	Foxtrot
115731	177.0	X	Viennesewaltz
114422	112.0	X	Foxtrot
108704	120.0	X	Chacha
108401	104.0	X	Samba
111311	200.0	X	Quickstep
118203	88.0	X	Rumba
111621	172.0	X	Jive
107212	172.0	X	Jive
112322	172.0	X	Jive
104313	116.0	X	Foxtrot
111503	100.0	X	Samba
114922	200.0	X	Quickstep
108127	87.0	X	Waltz
113512	84.0	X	Waltz
110006	102.0	X	Samba
113932	100.0	X	Rumba
115410	120.0	X	Tango
107010	96.0	X	Rumba
113708	116.0	X	Foxtrot
114909	128.0	X	Tango
111831	174.0	X	Viennesewaltz
109709	92.0	X	Rumba
116922	136.0	X	Wcswing
118826	96.0	X	Rumba
108903	87.0	X	Waltz
108117	200.0	X	Quickstep
112003	87.0	X	Waltz
112609	84.0	X	Waltz
109811	100.0	X	Samba
112021	200.0	X	Quickstep
112117	160.0	X	Jive
116910	116.0	X	Wcswing
113012	128.0	X	Tango
113017	174.0	X	Viennesewaltz
110413	196.0	X	Quickstep
111102	87.0	X	Waltz
108428	124.0	X	Chacha
115233	168.0	X	Jive
112812	200.0	X	Quickstep
106611	116.0	X	Foxtrot
115117	200.0	X	Quickstep
118423	96.0	X	Rumba
112924	100.0	X	Rumba
115224	94.0	X	Rumba
114438	174.0	X	Quickstep
117009	148.0	X	Jive
109311	200.0	X	Quickstep
116408	128.0	X	Tango
110637	204.0	X	Quickstep
116234	200.0	X	Quickstep
111801	116.0	X	Foxtrot
117118	100.0	X	Rumba
118037	172.0	X	Jive
115417	95.0	X	Tango
110226	116.0	X	Foxtrot
110503	87.0	X	Waltz
117317	116.0	X	Foxtrot
118704	116.0	X	Foxtrot
115729	90.0	X	Waltz
114732	200.0	X	Quickstep
115412	120.0	X	Tango
118810	100.0	X	Samba
115126	87.0	X	Waltz
113919	124.0	X	Chacha
116228	116.0	X	Foxtrot
110133	84.0	X	Waltz
106511	116.0	X	Foxtrot
114112	177.0	X	Viennesewaltz
118736	116.0	X	Tango
108129	87.0	X	Waltz
108232	128.0	X	Tango
115413	120.0	X	Tango
117402	100.0	X	Samba
111310	116.0	X	Foxtrot
112630	116.0	X	Foxtrot
116134	172.0	X	Jive
111001	87.0	X	Waltz
111226	92.0	X	Rumba
106501	87.0	X	Waltz
114730	200.0	X	Quickstep
109706	124.0	X	Chacha
117329	87.0	X	Slowwaltz
118212	100.0	X	Rumba
116016	116.0	X	Foxtrot
110716	124.0	X	Chacha
117533	200.0	X	Quickstep
113019	174.0	X	Viennesewaltz
117002	124.0	X	Jive
111719	104.0	X	Chacha
118412	124.0	X	Chacha
118835	168.0	X	Jive
109214	116.0	X	Foxtrot
107338	177.0	X	Viennesewaltz
110114	87.0	X	Waltz
118441	172.0	X	Jive
114705	87.0	X	Waltz
118421	92.0	X	Rumba
110213	112.0	X	Foxtrot
113516	128.0	X	Tango
110204	116.0	X	Foxtrot
117204	102.0	X	Samba
106705	84.0	X	Waltz
109203	112.0	X	Foxtrot
109617	200.0	X	Quickstep
116510	115.0	X	Tango
106617	200.0	X	Quickstep
108606	120.0	X	Chacha
115836	200.0	X	Quickstep
106204	87.0	X	Waltz
112817	200.0	X	Quickstep
115708	116.0	X	Foxtrot
108020	116.0	X	Foxtrot
107316	128.0	X	Tango
116517	135.0	X	Tango
108439	144.0	X	Jive
117418	124.0	X	Chacha
106735	174.0	X	Viennesewaltz
112416	124.0	X	Chacha
117111	124.0	X	Chacha
112631	108.0	X	Foxtrot
118313	128.0	X	Tango
110311	200.0	X	Quickstep
111112	177.0	X	Viennesewaltz
111614	92.0	X	Rumba
117314	116.0	X	Foxtrot
111239	172.0	X	Jive
118111	174.0	X	Viennesewaltz
117302	200.0	X	Quickstep
110513	177.0	X	Viennesewaltz
115919	124.0	X	Chacha
117823	96.0	X	Rumba
116424	200.0	X	Quickstep
108028	87.0	X	Waltz
106736	174.0	X	Viennesewaltz
108524	104.0	X	Rumba
110905	100.0	X	Samba
112939	100.0	X	Samba
117310	200.0	X	Quickstep
111620	172.0	X	Jive
118343	200.0	X	Quickstep
115114	200.0	X	Quickstep
110915	96.0	X	Rumba
112605	87.0	X	Waltz
107815	200.0	X	Quickstep
108825	100.0	X	Rumba
118609	184.0	X	Salsa
108130	87.0	X	Waltz
106510	116.0	X	Foxtrot
118740	177.0	X	Viennesewaltz
118503	102.0	X	Samba
118320	177.0	X	Viennesewaltz
114804	100.0	X	Samba
113522	112.0	X	Foxtrot
113116	128.0	X	Tango
114919	112.0	X	Foxtrot
118116	116.0	X	Foxtrot
108311	200.0	X	Quickstep
113524	112.0	X	Foxtrot
116236	200.0	X	Quickstep
113404	102.0	X	Samba
117739	200.0	X	Quickstep
112618	128.0	X	Tango
115826	116.0	X	Foxtrot
115823	112.0	X	Foxtrot
112404	98.0	X	Samba
108919	87.0	X	Waltz
111404	84.0	X	Waltz
116114	124.0	X	Chacha
107736	180.0	X	Viennesewaltz
113211	124.0	X	Chacha
113304	84.0	X	Waltz
112912	100.0	X	Samba
112104	102.0	X	Samba
114308	120.0	X	Chacha
109829	100.0	X	Rumba
107728	132.0	X	Tango
108430	104.0	X	Rumba
107834	128.0	X	Tango
108837	172.0	X	Jive
105712	116.0	X	Foxtrot
112929	100.0	X	Rumba
116316	96.0	X	Rumba
118807	100.0	X	Samba
109116	177.0	X	Viennesewaltz
111919	124.0	X	Chacha
114106	84.0	X	Waltz
107626	92.0	X	Rumba
114322	172.0	X	Jive
109601	84.0	X	Waltz
110415	196.0	X	Quickstep
113127	112.0	X	Foxtrot
114424	112.0	X	Foxtrot
106206	128.0	X	Tango
111826	87.0	X	Waltz
111338	124.0	X	Tango
113714	200.0	X	Quickstep
114409	87.0	X	Waltz
115702	116.0	X	Foxtrot
116315	96.0	X	Rumba
112713	171.0	X	Viennesewaltz
106730	200.0	X	Quickstep
108721	100.0	X	Rumba
110913	92.0	X	Rumba
111605	102.0	X	Samba
111702	100.0	X	Samba
107205	124.0	X	Chacha
113537	200.0	X	Quickstep
110734	168.0	X	Jive
112615	128.0	X	Tango
111008	87.0	X	Waltz
116005	84.0	X	Waltz
116403	84.0	X	Slowwaltz
108421	128.0	X	Chacha
106808	124.0	X	Chacha
112506	123.0	X	Chacha
108338	128.0	X	Tango
113503	87.0	X	Waltz
108807	100.0	X	Samba
108406	104.0	X	Samba
108427	128.0	X	Chacha
114728	200.0	X	Quickstep
106805	102.0	X	Samba
114019	200.0	X	Quickstep
109809	100.0	X	Samba
117436	168.0	X	Jive
108027	87.0	X	Waltz
110706	102.0	X	Samba
110428	87.0	X	Waltz
113627	92.0	X	Rumba
106211	177.0	X	Viennesewaltz
116309	124.0	X	Chacha
112412	116.0	X	Chacha
115320	128.0	X	Tango
111213	124.0	X	Chacha
116513	138.0	X	Tango
113723	87.0	X	Waltz
107639	172.0	X	Jive
108811	124.0	X	Chacha
113205	102.0	X	Samba
113601	102.0	X	Samba
111606	100.0	X	Samba
107513	172.0	X	Jive
110516	112.0	X	Foxtrot
116701	100.0	X	Samba
111533	114.0	X	Pasodoble
113940	172.0	X	Jive
107301	84.0	X	Waltz
116020	200.0	X	Quickstep
107220	128.0	X	Jive
113818	100.0	X	Samba
107330	116.0	X	Foxtrot
116106	100.0	X	Samba
109301	200.0	X	Quickstep
108422	128.0	X	Chacha
108203	200.0	X	Quickstep
115620	100.0	X	Samba
108210	204.0	X	Quickstep
115140	124.0	X	Tango
112002	84.0	X	Waltz
105815	116.0	X	Foxtrot
108410	96.0	X	Rumba
113518	174.0	X	Viennesewaltz
111114	112.0	X	Foxtrot
108322	87.0	X	Waltz
118108	128.0	X	Tango
108137	128.0	X	Tango
118310	87.0	X	Slowwaltz
115701	116.0	X	Foxtrot
110119	84.0	X	Waltz
113038	200.0	X	Quickstep
106729	200.0	X	Quickstep
115705	116.0	X	Foxtrot
113824	100.0	X	Rumba
114121	200.0	X	Quickstep
111916	124.0	X	Chacha
111106	128.0	X	Tango
109821	120.0	X	Chacha
110014	100.0	X	Rumba
118830	104.0	X	Rumba
109416	116.0	X	Foxtrot
112433	100.0	X	Rumba
109419	200.0	X	Quickstep
105015	112.0	X	Foxtrot
109817	128.0	X	Chacha
107703	87.0	X	Waltz
112616	128.0	X	Tango
112829	87.0	X	Waltz
111209	100.0	X	Samba
114428	116.0	X	Foxtrot
108601	120.0	X	Chacha
114838	172.0	X	Jive
109220	112.0	X	Foxtrot
118501	102.0	X	Samba
113719	200.0	X	Quickstep
108030	85.0	X	Waltz
116019	200.0	X	Quickstep
116520	136.0	X	Tango
110410	116.0	X	Foxtrot
109405	84.0	X	Waltz
109836	168.0	X	Jive
108118	204.0	X	Quickstep
108217	116.0	X	Foxtrot
115409	111.0	X	Tango
112932	160.0	X	Jive
118201	76.0	X	Rumba
110001	88.0	X	Samba
118414	124.0	X	Chacha
118006	124.0	X	Chacha
112536	83.0	X	Salsa
111538	175.0	X	Jive
108019	116.0	X	Foxtrot
108535	172.0	X	Jive
109412	177.0	X	Viennesewaltz
109114	177.0	X	Viennesewaltz
108709	124.0	X	Chacha
114306	102.0	X	Samba
108402	104.0	X	Samba
115711	208.0	X	Quickstep
114501	100.0	X	Samba
107101	87.0	X	Waltz
117834	172.0	X	Jive
106732	204.0	X	Quickstep
111238	168.0	X	Jive
110903	100.0	X	Samba
116414	174.0	X	Viennesewaltz
114913	177.0	X	Viennesewaltz
112639	177.0	X	Viennesewaltz
118209	96.0	X	Rumba
118514	100.0	X	Rumba
109819	124.0	X	Chacha
109004	128.0	X	Tango
113925	100.0	X	Rumba
117820	124.0	X	Chacha
114324	172.0	X	Jive
111718	88.0	X	Samba
116206	84.0	X	Waltz
108031	87.0	X	Waltz
116021	200.0	X	Quickstep
115307	87.0	X	Waltz
115722	84.0	X	Waltz
100810	100.0	X	Rumba
114729	200.0	X	Quickstep
118604	180.0	X	Salsa
107215	72.0	X	Samba
113732	177.0	X	Viennesewaltz
112808	116.0	X	Foxtrot
116304	100.0	X	Samba
114604	100.0	X	Samba
116404	84.0	X	Slowwaltz
109413	177.0	X	Viennesewaltz
107002	100.0	X	Samba
113541	204.0	X	Quickstep
115926	96.0	X	Rumba
107343	204.0	X	Quickstep
112613	128.0	X	Tango
118432	172.0	X	Jive
108211	116.0	X	Foxtrot
108441	120.0	X	Pasodoble
106214	112.0	X	Foxtrot
108832	152.0	X	Jive
112827	84.0	X	Waltz
108008	204.0	X	Quickstep
108732	152.0	X	Jive
116704	102.0	X	Samba
108726	100.0	X	Rumba
108216	116.0	X	Foxtrot
112411	102.0	X	Samba
109020	128.0	X	Tango
111825	88.0	X	Waltz
106209	128.0	X	Tango
112207	102.0	X	Samba
118304	87.0	X	Slowwaltz
112716	112.0	X	Foxtrot
110609	87.0	X	Waltz
112926	96.0	X	Rumba
113828	80.0	X	Rumba
114410	84.0	X	Waltz
117006	136.0	X	Jive
117415	124.0	X	Chacha
108908	84.0	X	Waltz
115801	87.0	X	Waltz
109414	174.0	X	Viennesewaltz
116415	116.0	X	Foxtrot
108630	100.0	X	Rumba
110135	87.0	X	Waltz
107324	128.0	X	Tango
118710	116.0	X	Foxtrot
115311	87.0	X	Waltz
108413	104.0	X	Rumba
107909	200.0	X	Quickstep
113526	116.0	X	Foxtrot
118018	100.0	X	Samba
118031	140.0	X	Jive
107822	116.0	X	Foxtrot
109701	102.0	X	Samba
110338	200.0	X	Quickstep
118425	96.0	X	Rumba
118735	124.0	X	Tango
109313	200.0	X	Quickstep
109918	204.0	X	Quickstep
110305	200.0	X	Quickstep
112528	100.0	X	Rumba
117406	100.0	X	Samba
105814	116.0	X	Foxtrot
107302	84.0	X	Waltz
114107	128.0	X	Tango
112922	92.0	X	Rumba
110215	112.0	X	Foxtrot
114817	124.0	X	Chacha
114315	92.0	X	Rumba
117301	200.0	X	Quickstep
112220	104.0	X	Chacha
112704	84.0	X	Waltz
107311	87.0	X	Waltz
111320	200.0	X	Quickstep
117730	116.0	X	Foxtrot
111317	200.0	X	Quickstep
110723	100.0	X	Rumba
110136	87.0	X	Waltz
108113	200.0	X	Quickstep
117440	118.0	X	Pasodoble
107817	200.0	X	Quickstep
114302	102.0	X	Samba
110222	116.0	X	Foxtrot
110327	200.0	X	Quickstep
114113	174.0	X	Viennesewaltz
116918	120.0	X	Wcswing
110416	200.0	X	Quickstep
110908	124.0	X	Chacha
107717	208.0	X	Quickstep
110509	128.0	X	Tango
117838	172.0	X	Jive
107906	200.0	X	Quickstep
107908	200.0	X	Quickstep
109903	87.0	X	Waltz
109207	112.0	X	Foxtrot
113415	96.0	X	Rumba
114812	124.0	X	Chacha
117610	124.0	X	Chacha
115009	124.0	X	Tango
108727	100.0	X	Rumba
118335	200.0	X	Quickstep
106734	171.0	X	Viennesewaltz
115617	100.0	X	Samba
116820	116.0	X	Foxtrot
107319	128.0	X	Tango
117122	174.0	X	Jive
111601	102.0	X	Samba
112413	116.0	X	Chacha
107833	186.0	X	Viennesewaltz
107505	102.0	X	Samba
112107	124.0	X	Chacha
118104	87.0	X	Slowwaltz
116802	102.0	X	Samba
108608	124.0	X	Chacha
115712	204.0	X	Quickstep
108310	116.0	X	Foxtrot
104911	112.0	X	Foxtrot
107503	128.0	X	Chacha
108610	124.0	X	Chacha
111619	172.0	X	Jive
117333	124.0	X	Tango
109906	128.0	X	Tango
118438	172.0	X	Jive
108620	100.0	X	Samba
109827	96.0	X	Rumba
110121	84.0	X	Waltz
117621	142.0	X	Jive
118303	87.0	X	Slowwaltz
110323	200.0	X	Quickstep
113608	102.0	X	Samba
113037	204.0	X	Quickstep
109107	177.0	X	Viennesewaltz
113622	124.0	X	Chacha
106515	200.0	X	Quickstep
108032	87.0	X	Waltz
116703	102.0	X	Samba
115322	112.0	X	Foxtrot
112822	87.0	X	Waltz
107114	112.0	X	Foxtrot
115135	120.0	X	Tango
110214	112.0	X	Foxtrot
118338	200.0	X	Quickstep
118403	102.0	X	Samba
117512	84.0	X	Slowwaltz
109209	116.0	X	Foxtrot
112804	116.0	X	Foxtrot
115629	104.0	X	Rumba
117731	116.0	X	Foxtrot
109202	116.0	X	Foxtrot
113736	128.0	X	Tango
112917	100.0	X	Samba
114105	84.0	X	Waltz
115115	204.0	X	Quickstep
115001	112.0	X	Tango
116525	129.0	X	Tango
115018	128.0	X	Tango
113108	87.0	X	Waltz
107208	96.0	X	Rumba
117922	177.0	X	Viennesewaltz
118815	124.0	X	Chacha
112426	92.0	X	Rumba
116528	133.0	X	Tango
118340	200.0	X	Quickstep
113403	100.0	X	Samba
106313	100.0	X	Rumba
113532	112.0	X	Foxtrot
107625	88.0	X	Rumba
114509	124.0	X	Chacha
117523	112.0	X	Foxtrot
112914	100.0	X	Samba
108635	172.0	X	Jive
112009	128.0	X	Tango
106616	204.0	X	Quickstep
108206	200.0	X	Quickstep
107514	172.0	X	Jive
108207	200.0	X	Quickstep
118728	87.0	X	Waltz
115719	200.0	X	Quickstep
115834	200.0	X	Quickstep
112532	100.0	X	Rumba
114709	84.0	X	Waltz
110322	200.0	X	Quickstep
115627	96.0	X	Rumba
107608	102.0	X	Samba
107826	116.0	X	Foxtrot
113119	174.0	X	Viennesewaltz
117018	172.0	X	Jive
100814	168.0	X	Jive
112601	84.0	X	Waltz
114102	84.0	X	Waltz
113201	102.0	X	Samba
110916	100.0	X	Rumba
108803	100.0	X	Samba
118839	176.0	X	Jive
106812	100.0	X	Rumba
117732	116.0	X	Foxtrot
108305	116.0	X	Foxtrot
117507	87.0	X	Slowwaltz
108838	192.0	X	Salsa
113508	84.0	X	Waltz
106818	172.0	X	Jive
111704	102.0	X	Samba
107117	204.0	X	Quickstep
115104	116.0	X	Foxtrot
111616	100.0	X	Rumba
116311	124.0	X	Chacha
109212	116.0	X	Foxtrot
117534	200.0	X	Quickstep
108519	124.0	X	Chacha
112626	116.0	X	Foxtrot
114835	172.0	X	Jive
108223	87.0	X	Waltz
116140	172.0	X	Jive
116002	87.0	X	Waltz
110009	124.0	X	Chacha
115821	177.0	X	Viennesewaltz
114517	172.0	X	Jive
106301	102.0	X	Samba
109312	204.0	X	Quickstep
117330	87.0	X	Slowwaltz
107336	174.0	X	Viennesewaltz
113026	116.0	X	Foxtrot
107314	128.0	X	Tango
115235	160.0	X	Jive
111710	92.0	X	Rumba
112825	87.0	X	Waltz
113103	87.0	X	Waltz
117516	128.0	X	Tango
118737	124.0	X	Tango
114011	171.0	X	Viennesewaltz
111817	200.0	X	Quickstep
107210	96.0	X	Rumba
112315	96.0	X	Rumba
111323	87.0	X	Waltz
112208	102.0	X	Samba
115624	96.0	X	Rumba
115334	200.0	X	Quickstep
117810	102.0	X	Samba
117804	100.0	X	Samba
109714	172.0	X	Jive
107802	87.0	X	Waltz
112321	172.0	X	Jive
111413	87.0	X	Waltz
117106	100.0	X	Samba
108234	128.0	X	Tango
114611	100.0	X	Samba
111427	116.0	X	Foxtrot
106508	174.0	X	Viennesewaltz
112628	108.0	X	Foxtrot
110602	87.0	X	Waltz
118317	128.0	X	Tango
113105	84.0	X	Waltz
112637	200.0	X	Quickstep
110601	87.0	X	Waltz
115427	116.0	X	Tango
117021	172.0	X	Jive
107506	88.0	X	Samba
117536	171.0	X	Viennesewaltz
111410	84.0	X	Waltz
108011	116.0	X	Foxtrot
115607	124.0	X	Chacha
108904	84.0	X	Waltz
118811	100.0	X	Samba
106702	84.0	X	Waltz
107109	128.0	X	Tango
116522	142.0	X	Tango
111435	200.0	X	Quickstep
108517	124.0	X	Chacha
110639	200.0	X	Quickstep
113810	120.0	X	Chacha
117611	124.0	X	Chacha
108021	116.0	X	Foxtrot
116915	120.0	X	Wcswing
116018	200.0	X	Quickstep
111403	84.0	X	Waltz
107805	87.0	X	Waltz
111002	84.0	X	Waltz
114503	100.0	X	Samba
116417	116.0	X	Foxtrot
108707	124.0	X	Chacha
105713	112.0	X	Foxtrot
111332	177.0	X	Viennesewaltz
117933	108.0	X	Foxtrot
116107	100.0	X	Samba
108124	78.0	X	Waltz
115414	120.0	X	Tango
118825	92.0	X	Rumba
112606	87.0	X	Waltz
110914	92.0	X	Rumba
116009	128.0	X	Tango
108102	116.0	X	Foxtrot
111838	124.0	X	Tango
115214	100.0	X	Samba
117427	96.0	X	Rumba
113634	118.0	X	Pasodoble
110104	84.0	X	Waltz
110126	87.0	X	Waltz
117826	100.0	X	Rumba
116223	116.0	X	Foxtrot
109710	100.0	X	Rumba
113730	87.0	X	Waltz
117910	87.0	X	Slowwaltz
112019	200.0	X	Quickstep
114738	174.0	X	Viennesewaltz
114015	112.0	X	Foxtrot
116503	127.0	X	Tango
112643	174.0	X	Viennesewaltz
116501	124.0	X	Tango
112535	80.0	X	Salsa
114119	116.0	X	Foxtrot
107001	102.0	X	Samba
109015	128.0	X	Tango
118703	116.0	X	Foxtrot
117116	100.0	X	Rumba
112633	200.0	X	Quickstep
117434	168.0	X	Jive
117425	100.0	X	Rumba
117410	100.0	X	Samba
109917	204.0	X	Quickstep
113927	100.0	X	Rumba
112840	124.0	X	Tango
106720	108.0	X	Foxtrot
118731	124.0	X	Tango
116322	172.0	X	Jive
112304	102.0	X	Samba
108518	124.0	X	Chacha
109009	128.0	X	Tango
115002	112.0	X	Tango
118305	84.0	X	Slowwaltz
109217	116.0	X	Foxtrot
111602	100.0	X	Samba
117840	172.0	X	Jive
115812	128.0	X	Tango
115833	200.0	X	Quickstep
114735	200.0	X	Quickstep
114834	172.0	X	Jive
110017	172.0	X	Jive
108408	104.0	X	Samba
106740	177.0	X	Viennesewaltz
117426	100.0	X	Rumba
111525	96.0	X	Rumba
113832	118.0	X	Pasodoble
112006	128.0	X	Tango
117738	200.0	X	Quickstep
116812	172.0	X	Jive
113835	164.0	X	Jive
108435	172.0	X	Jive
113529	112.0	X	Foxtrot
111303	116.0	X	Foxtrot
117620	100.0	X	Rumba
111222	124.0	X	Chacha
110721	92.0	X	Rumba
113607	102.0	X	Samba
113720	200.0	X	Quickstep
116118	124.0	X	Chacha
117001	120.0	X	Jive
113214	96.0	X	Rumba
